-- --------------------------------------------------------
-- Host:                         127.0.0.1
-- Versión del servidor:         10.4.6-MariaDB - mariadb.org binary distribution
-- SO del servidor:              Win64
-- HeidiSQL Versión:             9.5.0.5196
-- --------------------------------------------------------

/*!40101 SET @OLD_CHARACTER_SET_CLIENT=@@CHARACTER_SET_CLIENT */;
/*!40101 SET NAMES utf8 */;
/*!50503 SET NAMES utf8mb4 */;
/*!40014 SET @OLD_FOREIGN_KEY_CHECKS=@@FOREIGN_KEY_CHECKS, FOREIGN_KEY_CHECKS=0 */;
/*!40101 SET @OLD_SQL_MODE=@@SQL_MODE, SQL_MODE='NO_AUTO_VALUE_ON_ZERO' */;


-- Volcando estructura de base de datos para prueba
CREATE DATABASE IF NOT EXISTS `prueba` /*!40100 DEFAULT CHARACTER SET utf8 */;
USE `prueba`;

-- Volcando estructura para tabla prueba.country
CREATE TABLE IF NOT EXISTS `country` (
  `code` char(2) NOT NULL,
  `name` varchar(50) DEFAULT NULL,
  `iso3` char(3) DEFAULT NULL,
  `ioc` char(6) DEFAULT NULL,
  `number` int(11) DEFAULT NULL,
  PRIMARY KEY (`code`)
) ENGINE=InnoDB DEFAULT CHARSET=utf8;

-- Volcando datos para la tabla prueba.country: ~247 rows (aproximadamente)
DELETE FROM `country`;
/*!40000 ALTER TABLE `country` DISABLE KEYS */;
INSERT INTO `country` (`code`, `name`, `iso3`, `ioc`, `number`) VALUES
	('', 'UNKNOWN', NULL, NULL, NULL),
	('AD', 'Andorra', 'AND', 'AND', 20),
	('AE', 'United Arab Emirates', 'ARE', 'UAE', 784),
	('AF', 'Afghanistan', 'AFG', 'AFG', 4),
	('AG', 'Antigua and Barbuda', 'ATG', 'ANT', 28),
	('AI', 'Anguilla', 'AIA', NULL, 660),
	('AL', 'Albania', 'ALB', 'ALB', 8),
	('AM', 'Armenia', 'ARM', 'ARM', 51),
	('AN', 'Netherlands Antilles', NULL, NULL, NULL),
	('AO', 'Angola', 'AGO', 'ANG', 24),
	('AQ', 'Antarctica', 'ATA', NULL, 10),
	('AR', 'Argentina', 'ARG', 'ARG', 32),
	('AS', 'American Samoa', 'ASM', 'ASA*', 16),
	('AT', 'Austria', 'AUT', 'AUT', 40),
	('AU', 'Australia', 'AUS', 'AUS', 36),
	('AW', 'Aruba', 'ABW', 'ARU*', 533),
	('AX', 'Aland Islands', 'ALA', NULL, 248),
	('AZ', 'Azerbaijan', 'AZE', 'AZE', 31),
	('BA', 'Bosnia and Herzegovina', 'BIH', 'BIH', 70),
	('BB', 'Barbados', 'BRB', 'BAR', 52),
	('BD', 'Bangladesh', 'BGD', 'BAN', 50),
	('BE', 'Belgium', 'BEL', 'BEL', 56),
	('BF', 'Burkina Faso', 'BFA', 'BUR', 854),
	('BG', 'Bulgaria', 'BGR', 'BUL', 100),
	('BH', 'Bahrain', 'BHR', 'BRN', 48),
	('BI', 'Burundi', 'BDI', 'BDI', 108),
	('BJ', 'Benin', 'BEN', 'BEN', 204),
	('BL', 'Saint Barth‚lemy', 'BLM', NULL, 652),
	('BM', 'Bermuda', 'BMU', 'BER', 60),
	('BN', 'Brunei Darussalam', 'BRN', 'BRU', 96),
	('BO', 'Bolivia, Plurinational State of', 'BOL', 'BOL', 68),
	('BR', 'Brazil', 'BRA', 'BRA', 76),
	('BS', 'Bahamas', 'BHS', 'BAH', 44),
	('BT', 'Bhutan', 'BTN', 'BHU', 64),
	('BV', 'Bouvet Island', 'BVT', NULL, 74),
	('BW', 'Botswana', 'BWA', 'BOT', 72),
	('BY', 'Belarus', 'BLR', 'BLR', 112),
	('BZ', 'Belize', 'BLZ', 'BIZ', 84),
	('CA', 'Canada', 'CAN', 'CAN', 124),
	('CC', 'Cocos (Keeling) Islands', 'CCK', NULL, 166),
	('CD', 'Congo, the Democratic Republic of the', 'COD', 'COD', 180),
	('CF', 'Central African Republic', 'CAF', 'CAF', 140),
	('CG', 'Congo', 'COG', 'CGO', 178),
	('CH', 'Switzerland', 'CHE', 'SUI', 756),
	('CI', 'Cote d\'Ivoire', 'CIV', 'CIV', 384),
	('CK', 'Cook Islands', 'COK', 'COK*', 184),
	('CL', 'Chile', 'CHL', 'CHI', 152),
	('CM', 'Cameroon', 'CMR', 'CMR', 120),
	('CN', 'China', 'CHN', 'CHN', 156),
	('CO', 'Colombia', 'COL', 'COL', 170),
	('CR', 'Costa Rica', 'CRI', 'CRC', 188),
	('CU', 'Cuba', 'CUB', 'CUB', 192),
	('CV', 'Cape Verde', 'CPV', 'CPV', 132),
	('CX', 'Christmas Island', 'CXR', NULL, 162),
	('CY', 'Cyprus', 'CYP', 'CYP', 196),
	('CZ', 'Czech Republic', 'CZE', 'CZE', 203),
	('DE', 'Germany', 'DEU', 'GER', 276),
	('DJ', 'Djibouti', 'DJI', 'DJI', 262),
	('DK', 'Denmark', 'DNK', 'DEN', 208),
	('DM', 'Dominica', 'DMA', 'DMA', 212),
	('DO', 'Dominican Republic', 'DOM', 'DOM', 214),
	('DZ', 'Algeria', 'DZA', 'ALG', 12),
	('EC', 'Ecuador', 'ECU', 'ECU', 218),
	('EE', 'Estonia', 'EST', 'EST', 233),
	('EG', 'Egypt', 'EGY', 'EGY', 818),
	('EH', 'Western Sahara', 'ESH', NULL, 732),
	('ER', 'Eritrea', 'ERI', 'ERI', 232),
	('ES', 'Spain', 'ESP', 'ESP', 724),
	('ET', 'Ethiopia', 'ETH', 'ETH', 231),
	('FI', 'Finland', 'FIN', 'FIN', 246),
	('FJ', 'Fiji', 'FJI', 'FIJ', 242),
	('FK', 'Falkland Islands (Malvinas)', 'FLK', NULL, 238),
	('FM', 'Micronesia, Federated States of', 'FSM', 'FSM', 583),
	('FO', 'Faroe Islands', 'FRO', NULL, 234),
	('FR', 'France', 'FRA', 'FRA', 250),
	('GA', 'Gabon', 'GAB', 'GAB', 266),
	('GB', 'United Kingdom', 'GBR', 'GBR', 826),
	('GD', 'Grenada', 'GRD', 'GRN', 308),
	('GE', 'Georgia', 'GEO', 'GEO', 268),
	('GF', 'French Guiana', 'GUF', NULL, 254),
	('GG', 'Guernsey', 'GGY', NULL, 831),
	('GH', 'Ghana', 'GHA', 'GHA', 288),
	('GI', 'Gibraltar', 'GIB', NULL, 292),
	('GL', 'Greenland', 'GRL', NULL, 304),
	('GM', 'Gambia', 'GMB', 'GAM', 270),
	('GN', 'Guinea', 'GIN', 'GUI', 324),
	('GP', 'Guadeloupe', 'GLP', NULL, 312),
	('GQ', 'Equatorial Guinea', 'GNQ', 'GEQ', 226),
	('GR', 'Greece', 'GRC', 'GRE', 300),
	('GS', 'South Georgia and the South Sandwich Islands', 'SGS', NULL, 239),
	('GT', 'Guatemala', 'GTM', 'GUA', 320),
	('GU', 'Guam', 'GUM', 'GUM*', 316),
	('GW', 'Guinea-Bissau', 'GNB', 'GBS', 624),
	('GY', 'Guyana', 'GUY', 'GUY', 328),
	('HK', 'Hong Kong', 'HKG', 'HKG', 344),
	('HM', 'Heard Island and McDonald Islands', 'HMD', NULL, 334),
	('HN', 'Honduras', 'HND', 'HON', 340),
	('HR', 'Croatia', 'HRV', 'CRO', 191),
	('HT', 'Haiti', 'HTI', 'HAI', 332),
	('HU', 'Hungary', 'HUN', 'HUN', 348),
	('ID', 'Indonesia', 'IDN', 'INA', 360),
	('IE', 'Ireland', 'IRL', 'IRL', 372),
	('IL', 'Israel', 'ISR', 'ISR', 376),
	('IM', 'Isle of Man', 'IMN', NULL, 833),
	('IN', 'India', 'IND', 'IND', 356),
	('IO', 'British Indian Ocean Territory', 'IOT', NULL, 86),
	('IQ', 'Iraq', 'IRQ', 'IRQ', 368),
	('IR', 'Iran, Islamic Republic of', 'IRN', 'IRI', 364),
	('IS', 'Iceland', 'ISL', 'ISL', 352),
	('IT', 'Italy', 'ITA', 'ITA', 380),
	('JE', 'Jersey', 'JEY', NULL, 832),
	('JM', 'Jamaica', 'JAM', 'JAM', 388),
	('JO', 'Jordan', 'JOR', 'JOR', 400),
	('JP', 'Japan', 'JPN', 'JPN', 392),
	('KE', 'Kenya', 'KEN', 'KEN', 404),
	('KG', 'Kyrgyzstan', 'KGZ', 'KGZ', 417),
	('KH', 'Cambodia', 'KHM', 'CAM', 116),
	('KI', 'Kiribati', 'KIR', 'KIR', 296),
	('KM', 'Comoros', 'COM', 'COM', 174),
	('KN', 'Saint Kitts and Nevis', 'KNA', 'SKN', 659),
	('KP', 'Korea, Democratic People\'s Republic of', 'PRK', 'PRK', 408),
	('KR', 'Korea, Republic of', 'KOR', 'KOR', 410),
	('KW', 'Kuwait', 'KWT', 'KUW', 414),
	('KY', 'Cayman Islands', 'CYM', 'CAY*', 136),
	('KZ', 'Kazakhstan', 'KAZ', 'KAZ', 398),
	('LA', 'Lao People\'s Democratic Republic', 'LAO', 'LAO', 418),
	('LB', 'Lebanon', 'LBN', 'LIB', 422),
	('LC', 'Saint Lucia', 'LCA', 'LCA', 662),
	('LI', 'Liechtenstein', 'LIE', 'LIE', 438),
	('LK', 'Sri Lanka', 'LKA', 'SRI', 144),
	('LR', 'Liberia', 'LBR', 'LBR', 430),
	('LS', 'Lesotho', 'LSO', 'LES', 426),
	('LT', 'Lithuania', 'LTU', 'LTU', 440),
	('LU', 'Luxembourg', 'LUX', 'LUX', 442),
	('LV', 'Latvia', 'LVA', 'LAT', 428),
	('LY', 'Libyan Arab Jamahiriya', 'LBY', 'LBA', 434),
	('MA', 'Morocco', 'MAR', 'MAR', 504),
	('MC', 'Monaco', 'MCO', 'MON', 492),
	('MD', 'Moldova, Republic of', 'MDA', 'MDA', 498),
	('ME', 'Montenegro', 'MNE', 'MNE', 499),
	('MF', 'Saint Martin (French part)', 'MAF', NULL, 663),
	('MG', 'Madagascar', 'MDG', 'MAD', 450),
	('MH', 'Marshall Islands', 'MHL', 'MHL', 584),
	('MK', 'Macedonia, the former Yugoslav Republic of', 'MKD', 'MKD', 807),
	('ML', 'Mali', 'MLI', 'MLI', 466),
	('MM', 'Myanmar', 'MMR', 'MYA', 104),
	('MN', 'Mongolia', 'MNG', 'MGL', 496),
	('MO', 'Macao', 'MAC', NULL, 446),
	('MP', 'Northern Mariana Islands', 'MNP', NULL, 580),
	('MQ', 'Martinique', 'MTQ', NULL, 474),
	('MR', 'Mauritania', 'MRT', 'MTN', 478),
	('MS', 'Montserrat', 'MSR', NULL, 500),
	('MT', 'Malta', 'MLT', 'MLT', 470),
	('MU', 'Mauritius', 'MUS', 'MRI', 480),
	('MV', 'Maldives', 'MDV', 'MDV', 462),
	('MW', 'Malawi', 'MWI', 'MAW', 454),
	('MX', 'Mexico', 'MEX', 'MEX', 484),
	('MY', 'Malaysia', 'MYS', 'MAS', 458),
	('MZ', 'Mozambique', 'MOZ', 'MOZ', 508),
	('NA', 'Namibia', 'NAM', 'NAM', 516),
	('NC', 'New Caledonia', 'NCL', NULL, 540),
	('NE', 'Niger', 'NER', 'NIG', 562),
	('NF', 'Norfolk Island', 'NFK', NULL, 574),
	('NG', 'Nigeria', 'NGA', 'NGR', 566),
	('NI', 'Nicaragua', 'NIC', 'NCA', 558),
	('NL', 'Netherlands', 'NLD', 'NED', 528),
	('NO', 'Norway', 'NOR', 'NOR', 578),
	('NP', 'Nepal', 'NPL', 'NEP', 524),
	('NR', 'Nauru', 'NRU', 'NRU', 520),
	('NU', 'Niue', 'NIU', NULL, 570),
	('NZ', 'New Zealand', 'NZL', 'NZL', 554),
	('OM', 'Oman', 'OMN', 'OMA', 512),
	('PA', 'Panama', 'PAN', 'PAN', 591),
	('PE', 'Peru', 'PER', 'PER', 604),
	('PF', 'French Polynesia', 'PYF', NULL, 258),
	('PG', 'Papua New Guinea', 'PNG', 'PNG', 598),
	('PH', 'Philippines', 'PHL', 'PHI', 608),
	('PK', 'Pakistan', 'PAK', 'PAK', 586),
	('PL', 'Poland', 'POL', 'POL', 616),
	('PM', 'Saint Pierre and Miquelon', 'SPM', NULL, 666),
	('PN', 'Pitcairn', 'PCN', NULL, 612),
	('PR', 'Puerto Rico', 'PRI', 'PUR', 630),
	('PS', 'Palestinian Territory, Occupied', 'PSE', 'PLE', 275),
	('PT', 'Portugal', 'PRT', 'POR', 620),
	('PW', 'Palau', 'PLW', 'PLW', 585),
	('PY', 'Paraguay', 'PRY', 'PAR', 600),
	('QA', 'Qatar', 'QAT', 'QAT', 634),
	('RE', 'Reunion  R‚union', 'REU', NULL, 638),
	('RO', 'Romania', 'ROU', 'ROU', 642),
	('RS', 'Serbia', 'SRB', 'SRB', 688),
	('RU', 'Russian Federation', 'RUS', 'RUS', 643),
	('RW', 'Rwanda', 'RWA', 'RWA', 646),
	('SA', 'Saudi Arabia', 'SAU', 'KSA', 682),
	('SB', 'Solomon Islands', 'SLB', 'SOL', 90),
	('SC', 'Seychelles', 'SYC', 'SEY', 690),
	('SD', 'Sudan', 'SDN', 'SUD', 729),
	('SE', 'Sweden', 'SWE', 'SWE', 752),
	('SG', 'Singapore', 'SGP', 'SIN', 702),
	('SH', 'Saint Helena', 'SHN', NULL, 654),
	('SI', 'Slovenia', 'SVN', 'SLO', 705),
	('SJ', 'Svalbard and Jan Mayen', 'SJM', NULL, 744),
	('SK', 'Slovakia', 'SVK', 'SVK', 703),
	('SL', 'Sierra Leone', 'SLE', 'SLE', 694),
	('SM', 'San Marino', 'SMR', 'SMR', 674),
	('SN', 'Senegal', 'SEN', 'SEN', 686),
	('SO', 'Somalia', 'SOM', 'SOM', 706),
	('SR', 'Suriname', 'SUR', 'SUR', 740),
	('ST', 'Sao Tome and Principe', 'STP', 'STP', 678),
	('SV', 'El Salvador', 'SLV', 'ESA', 222),
	('SY', 'Syrian Arab Republic', 'SYR', 'SYR', 760),
	('SZ', 'Swaziland', 'SWZ', 'SWZ', 748),
	('TC', 'Turks and Caicos Islands', 'TCA', NULL, 796),
	('TD', 'Chad', 'TCD', 'CHA', 148),
	('TF', 'French Southern Territories', 'ATF', NULL, 260),
	('TG', 'Togo', 'TGO', 'TOG', 768),
	('TH', 'Thailand', 'THA', 'THA', 764),
	('TJ', 'Tajikistan', 'TJK', 'TJK', 762),
	('TK', 'Tokelau', 'TKL', NULL, 772),
	('TL', 'Timor-Leste', 'TLS', NULL, 626),
	('TM', 'Turkmenistan', 'TKM', 'TKM', 795),
	('TN', 'Tunisia', 'TUN', 'TUN', 788),
	('TO', 'Tonga', 'TON', 'TGA', 776),
	('TR', 'Turkey', 'TUR', 'TUR', 792),
	('TT', 'Trinidad and Tobago', 'TTO', 'TRI', 780),
	('TV', 'Tuvalu', 'TUV', 'TUV', 798),
	('TW', 'Taiwan, Province of China', 'TWN', 'TPE', 158),
	('TZ', 'Tanzania, United Republic of', 'TZA', 'TAN', 834),
	('UA', 'Ukraine', 'UKR', 'UKR', 804),
	('UG', 'Uganda', 'UGA', 'UGA', 800),
	('UM', 'United States Minor Outlying Islands', 'UMI', NULL, 581),
	('US', 'United States', 'USA', 'USA', 840),
	('UY', 'Uruguay', 'URY', 'URU', 858),
	('UZ', 'Uzbekistan', 'UZB', 'UZB', 860),
	('VA', 'Holy See (Vatican City State)', 'VAT', NULL, 336),
	('VC', 'Saint Vincent and the Grenadines', 'VCT', 'VIN', 670),
	('VE', 'Venezuela, Bolivarian Republic of', 'VEN', 'VEN', 862),
	('VG', 'Virgin Islands, British', 'VGB', 'ISV*', 92),
	('VI', 'Virgin Islands, U.S.', 'VIR', 'ISV*', 850),
	('VN', 'Viet Nam', 'VNM', 'VIE', 704),
	('VU', 'Vanuatu', 'VUT', 'VAN', 548),
	('WF', 'Wallis and Futuna', 'WLF', NULL, 876),
	('WS', 'Samoa', 'WSM', 'SAM', 882),
	('YE', 'Yemen', 'YEM', 'YEM', 887),
	('YT', 'Mayotte', 'MYT', NULL, 175),
	('ZA', 'South Africa', 'ZAF', 'RSA', 710),
	('ZM', 'Zambia', 'ZMB', 'ZAM', 894),
	('ZW', 'Zimbabwe', 'ZWE', 'ZIM', 716);
/*!40000 ALTER TABLE `country` ENABLE KEYS */;

-- Volcando estructura para tabla prueba.drop_at
CREATE TABLE IF NOT EXISTS `drop_at` (
  `at_id` int(11) NOT NULL,
  `at_code` varchar(50) NOT NULL,
  `at_tennis` tinyint(1) NOT NULL DEFAULT 1,
  `at_fitness` tinyint(1) NOT NULL DEFAULT 1,
  `at_school` tinyint(1) NOT NULL DEFAULT 1,
  `at_boarding` tinyint(1) NOT NULL DEFAULT 1,
  PRIMARY KEY (`at_id`)
) ENGINE=InnoDB DEFAULT CHARSET=utf8;

-- Volcando datos para la tabla prueba.drop_at: ~12 rows (aproximadamente)
DELETE FROM `drop_at`;
/*!40000 ALTER TABLE `drop_at` DISABLE KEYS */;
INSERT INTO `drop_at` (`at_id`, `at_code`, `at_tennis`, `at_fitness`, `at_school`, `at_boarding`) VALUES
	(1, 'YES', 1, 1, 1, 1),
	(2, 'TARDY', 1, 1, 1, 1),
	(3, 'NON EXCUSED', 1, 1, 1, 1),
	(4, 'EXCUSED FOR INJURY', 1, 1, 0, 0),
	(5, 'EXCUSED FOR ILLNESS', 1, 1, 1, 1),
	(6, 'EXCUSED FOR OTHER REASONS', 1, 1, 0, 0),
	(7, 'EXCUSED WITH AUTHORIZATION', 1, 1, 1, 1),
	(8, 'YES, HALF SESSION', 1, 1, 0, 0),
	(9, 'EXCUSED FOR ADVERSE WEATHER CONDITIONS', 1, 0, 0, 0),
	(10, 'N/A', 0, 0, 0, 0),
	(11, 'OUT FOR TOURNAMENT', 1, 1, 1, 1),
	(12, 'OUT OF ACADEMY', 1, 1, 1, 1);
/*!40000 ALTER TABLE `drop_at` ENABLE KEYS */;

-- Volcando estructura para tabla prueba.drop_player_status
CREATE TABLE IF NOT EXISTS `drop_player_status` (
  `ps_id` int(11) NOT NULL,
  `ps_code` varchar(10) NOT NULL,
  PRIMARY KEY (`ps_id`)
) ENGINE=InnoDB DEFAULT CHARSET=utf8;

-- Volcando datos para la tabla prueba.drop_player_status: ~4 rows (aproximadamente)
DELETE FROM `drop_player_status`;
/*!40000 ALTER TABLE `drop_player_status` DISABLE KEYS */;
INSERT INTO `drop_player_status` (`ps_id`, `ps_code`) VALUES
	(0, 'Inactivo'),
	(1, 'New'),
	(2, 'Current'),
	(3, 'Lost');
/*!40000 ALTER TABLE `drop_player_status` ENABLE KEYS */;

-- Volcando estructura para tabla prueba.drop_season
CREATE TABLE IF NOT EXISTS `drop_season` (
  `id` int(11) NOT NULL AUTO_INCREMENT,
  `name` char(10) NOT NULL,
  `start_date` date DEFAULT NULL,
  `end_date` date DEFAULT NULL,
  `active` tinyint(4) DEFAULT 0,
  PRIMARY KEY (`id`)
) ENGINE=InnoDB AUTO_INCREMENT=6 DEFAULT CHARSET=utf8;

-- Volcando datos para la tabla prueba.drop_season: ~5 rows (aproximadamente)
DELETE FROM `drop_season`;
/*!40000 ALTER TABLE `drop_season` DISABLE KEYS */;
INSERT INTO `drop_season` (`id`, `name`, `start_date`, `end_date`, `active`) VALUES
	(1, 'Inactivo', NULL, NULL, 0),
	(2, '2017-2018', '2017-09-01', '2018-06-30', 0),
	(3, '2018-2019', '2018-09-01', '2019-06-30', 0),
	(4, '2016-2017', '2016-09-01', '2017-06-30', 0),
	(5, '2019-2020', '2019-09-01', '2020-06-30', 1);
/*!40000 ALTER TABLE `drop_season` ENABLE KEYS */;

-- Volcando estructura para tabla prueba.grade
CREATE TABLE IF NOT EXISTS `grade` (
  `id` int(11) NOT NULL AUTO_INCREMENT,
  `name` varchar(50) DEFAULT NULL,
  PRIMARY KEY (`id`)
) ENGINE=InnoDB AUTO_INCREMENT=15 DEFAULT CHARSET=utf8 ROW_FORMAT=DYNAMIC;

-- Volcando datos para la tabla prueba.grade: ~14 rows (aproximadamente)
DELETE FROM `grade`;
/*!40000 ALTER TABLE `grade` DISABLE KEYS */;
INSERT INTO `grade` (`id`, `name`) VALUES
	(1, 'GRADE 1'),
	(2, 'GRADE 2'),
	(3, 'GRADE 3'),
	(4, 'GRADE 4'),
	(5, 'GRADE 5'),
	(6, 'GRADE 6'),
	(7, 'GRADE 7'),
	(8, 'GRADE 8'),
	(9, 'GRADE 9'),
	(10, 'GRADE 10'),
	(11, 'GRADE 11'),
	(12, 'GRADE 12'),
	(13, 'GRADE 13'),
	(14, 'GRADE 14');
/*!40000 ALTER TABLE `grade` ENABLE KEYS */;

-- Volcando estructura para tabla prueba.player
CREATE TABLE IF NOT EXISTS `player` (
  `id` int(11) NOT NULL AUTO_INCREMENT,
  `user_id` int(11) DEFAULT NULL,
  `fullname` varchar(70) DEFAULT '',
  `name` varchar(25) DEFAULT '',
  `surname` varchar(45) DEFAULT '',
  `doc_country` char(2) DEFAULT NULL,
  `gender` char(1) DEFAULT NULL,
  `birthdate` date DEFAULT NULL,
  `handed` char(1) DEFAULT 'R',
  `document` varchar(50) DEFAULT NULL,
  `circuit` int(11) DEFAULT NULL,
  `status` int(11) DEFAULT 1,
  `photo_url` varchar(100) DEFAULT NULL,
  `report_lang` char(2) DEFAULT NULL,
  PRIMARY KEY (`id`),
  KEY `P_DOC_COUNTRY` (`doc_country`),
  KEY `P_CIRCUIT` (`circuit`),
  KEY `PSTATUS` (`status`),
  CONSTRAINT `PSTATUS` FOREIGN KEY (`status`) REFERENCES `drop_player_status` (`ps_id`),
  CONSTRAINT `P_CIRCUIT` FOREIGN KEY (`circuit`) REFERENCES `drop_player_ranking` (`id`),
  CONSTRAINT `P_DOC_COUNTRY` FOREIGN KEY (`doc_country`) REFERENCES `country` (`code`)
) ENGINE=InnoDB AUTO_INCREMENT=2932 DEFAULT CHARSET=utf8;

-- Volcando datos para la tabla prueba.player: ~42 rows (aproximadamente)
DELETE FROM `player`;
/*!40000 ALTER TABLE `player` DISABLE KEYS */;
INSERT INTO `player` (`id`, `user_id`, `fullname`, `name`, `surname`, `doc_country`, `gender`, `birthdate`, `handed`, `document`, `circuit`, `status`, `photo_url`, `report_lang`) VALUES
	(56, 141, 'player_fullname56', 'name56', 'surname56', 'TR', 'M', '2002-11-12', 'R', 'document56', NULL, 2, 'photos/no_image.jpg', 'EN'),
	(59, 154, 'player_fullname59', 'name59', 'surname59', 'ES', 'M', '2002-10-23', 'R', 'document59', NULL, 2, 'photos/no_image.jpg', 'ES'),
	(61, 172, 'player_fullname61', 'name61', 'surname61', 'US', 'M', '2002-11-13', 'R', 'document61', NULL, 2, 'photos/no_image.jpg', 'EN'),
	(62, 175, 'player_fullname62', 'name62', 'surname62', 'TR', 'M', '2003-04-11', 'R', 'document62', NULL, 2, 'photos/no_image.jpg', 'EN'),
	(63, 193, 'player_fullname63', 'name63', 'surname63', 'AU', 'F', '2003-02-23', 'R', 'document63', NULL, 2, 'photos/no_image.jpg', 'EN'),
	(64, 212, 'player_fullname64', 'name64', 'surname64', 'CH', 'M', '2002-09-27', 'L', 'document64', NULL, 2, 'photos/no_image.jpg', 'EN'),
	(65, 216, 'player_fullname65', 'name65', 'surname65', 'ES', 'M', '2003-01-12', 'R', 'document65', NULL, 2, 'photos/no_image.jpg', 'ES'),
	(66, 248, 'player_fullname66', 'name66', 'surname66', 'IN', 'M', '2002-10-24', 'R', 'document66', NULL, 2, 'photos/no_image.jpg', 'EN'),
	(67, 253, 'player_fullname67', 'name67', 'surname67', 'DE', 'F', '2003-08-11', 'R', 'document67', NULL, 2, 'photos/no_image.jpg', 'EN'),
	(68, 257, 'player_fullname68', 'name68', 'surname68', 'PH', 'F', '2002-09-12', 'R', 'document68', NULL, 0, 'photos/no_image.jpg', 'EN'),
	(69, 133, 'player_fullname69', 'name69', 'surname69', 'ES', 'F', '2004-01-20', 'R', 'document69', NULL, 2, 'photos/no_image.jpg', 'ES'),
	(70, 177, 'player_fullname70', 'name70', 'surname70', 'US', 'F', '2003-07-10', 'R', 'document70', NULL, 2, 'photos/no_image.jpg', 'EN'),
	(71, 179, 'player_fullname71', 'name71', 'surname71', 'GB', 'M', '2004-03-19', 'R', 'document71', NULL, 2, 'photos/no_image.jpg', 'EN'),
	(72, 184, 'player_fullname72', 'name72', 'surname72', 'HK', 'M', '2004-03-13', 'R', 'document72', NULL, 2, 'photos/no_image.jpg', 'EN'),
	(75, 215, 'player_fullname75', 'name75', 'surname75', 'ES', 'M', '2004-04-28', 'R', 'document75', NULL, 2, 'photos/no_image.jpg', 'ES'),
	(76, 223, 'player_fullname76', 'name76', 'surname76', 'IT', 'M', '2003-09-19', 'R', 'document76', NULL, 2, 'photos/no_image.jpg', 'EN'),
	(77, 230, 'player_fullname77', 'name77', 'surname77', 'RO', 'M', '2004-01-12', 'R', 'document77', NULL, 2, 'photos/no_image.jpg', 'EN'),
	(79, 241, 'player_fullname79', 'name79', 'surname79', 'DE', 'M', '2004-08-10', 'L', 'document79', NULL, 2, 'photos/no_image.jpg', 'EN'),
	(80, 249, 'player_fullname80', 'name80', 'surname80', 'GB', 'F', '2004-06-17', 'R', 'document80', NULL, 2, 'photos/no_image.jpg', 'EN'),
	(81, 250, 'player_fullname81', 'name81', 'surname81', 'JO', 'M', '2003-11-16', 'L', 'document81', 4, 2, 'photos/no_image.jpg', 'EN'),
	(83, 156, 'player_fullname83', 'name83', 'surname83', 'DE', 'M', '2005-01-10', 'R', 'document83', NULL, 2, 'photos/no_image.jpg', 'EN'),
	(84, 158, 'player_fullname84', 'name84', 'surname84', 'PH', 'F', '2005-05-23', 'L', 'document84', 4, 2, 'photos/no_image.jpg', 'EN'),
	(85, 176, 'player_fullname85', 'name85', 'surname85', 'US', 'F', '2005-07-05', 'R', 'document85', NULL, 2, 'photos/no_image.jpg', 'EN'),
	(86, 185, 'player_fullname86', 'name86', 'surname86', 'DE', 'M', '2005-01-24', 'R', 'document86', NULL, 2, 'photos/no_image.jpg', 'EN'),
	(87, 186, 'player_fullname87', 'name87', 'surname87', 'DE', 'M', '2004-11-18', 'R', 'document87', NULL, 2, 'photos/no_image.jpg', 'EN'),
	(88, 187, 'player_fullname88', 'name88', 'surname88', 'AT', 'F', '2004-11-03', 'R', 'document88', 4, 2, 'photos/no_image.jpg', 'EN'),
	(89, 189, 'player_fullname89', 'name89', 'surname89', 'MZ', 'M', '2004-10-19', 'R', 'document89', NULL, 2, 'photos/no_image.jpg', 'EN'),
	(90, 195, 'player_fullname90', 'name90', 'surname90', 'KR', 'F', '2004-09-09', 'R', 'document90', NULL, 2, 'photos/no_image.jpg', 'EN'),
	(91, 198, 'player_fullname91', 'name91', 'surname91', 'CN', 'M', '2004-09-01', 'R', 'document91', NULL, 2, 'photos/no_image.jpg', 'EN'),
	(92, 227, 'player_fullname92', 'name92', 'surname92', 'CZ', 'M', '2005-02-02', 'L', 'document92', NULL, 2, 'photos/no_image.jpg', 'EN'),
	(93, 228, 'player_fullname93', 'name93', 'surname93', 'BM', 'M', '2005-02-16', 'R', 'document93', NULL, 2, 'photos/no_image.jpg', 'EN'),
	(94, 245, 'player_fullname94', 'name94', 'surname94', 'CH', 'M', '2005-01-06', 'R', 'document94', NULL, 2, 'photos/no_image.jpg', 'EN'),
	(96, 264, 'player_fullname96', 'name96', 'surname96', 'MY', 'M', '2004-12-30', 'L', 'document96', NULL, 2, 'photos/no_image.jpg', 'EN'),
	(97, 135, 'player_fullname97', 'name97', 'surname97', 'ES', 'M', '2005-11-20', 'R', 'document97', NULL, 2, 'photos/no_image.jpg', 'ES'),
	(98, 147, 'player_fullname98', 'name98', 'surname98', 'DK', 'F', '2006-01-28', 'R', 'document98', NULL, 2, 'photos/no_image.jpg', 'EN'),
	(99, 167, 'player_fullname99', 'name99', 'surname99', 'ES', 'F', '2006-08-14', 'R', 'document99', NULL, 2, 'photos/no_image.jpg', 'ES'),
	(101, 181, 'player_fullname101', 'name101', 'surname101', 'MX', 'F', '2005-11-29', 'L', 'document101', NULL, 2, 'photos/no_image.jpg', 'ES'),
	(102, 196, 'player_fullname102', 'name102', 'surname102', 'FR', 'M', '2005-10-27', 'R', 'document102', NULL, 2, 'photos/no_image.jpg', 'ES'),
	(104, 217, 'player_fullname104', 'name104', 'surname104', 'GB', 'M', '2005-11-01', 'R', 'document104', NULL, 2, 'photos/no_image.jpg', 'EN'),
	(105, 222, 'player_fullname105', 'name105', 'surname105', 'TR', 'F', '2005-09-24', 'R', 'document105', NULL, 2, 'photos/no_image.jpg', 'EN'),
	(106, 236, 'player_fullname106', 'name106', 'surname106', 'IN', 'M', '2006-01-13', 'R', 'document106', NULL, 2, 'photos/no_image.jpg', 'EN'),
	(107, 240, 'player_fullname107', 'name107', 'surname107', 'NO', 'F', '2006-04-21', 'R', 'document107', NULL, 2, 'photos/no_image.jpg', 'EN');
/*!40000 ALTER TABLE `player` ENABLE KEYS */;

-- Volcando estructura para tabla prueba.player_clasification
CREATE TABLE IF NOT EXISTS `player_clasification` (
  `id` int(11) NOT NULL AUTO_INCREMENT,
  `player_id` int(11) NOT NULL,
  `season` int(11) NOT NULL,
  `tennis_group_id` int(11) NOT NULL,
  `grade_id` int(11) NOT NULL,
  `coach_user_id` int(11) DEFAULT NULL,
  `fitness_user_id` int(11) DEFAULT NULL,
  `guardian_user_id` int(11) DEFAULT NULL,
  `teacher_user_id` int(11) DEFAULT NULL,
  `circuit` int(11) DEFAULT NULL,
  PRIMARY KEY (`id`),
  KEY `PC_GRADE` (`grade_id`),
  KEY `PC_TENNIS_GROUP` (`tennis_group_id`),
  KEY `PC_STUDENT` (`player_id`),
  KEY `PC_FITNESS_USER_idx` (`fitness_user_id`),
  KEY `PC_GUARDIAN_USER_idx` (`guardian_user_id`),
  KEY `PC_TEACHER_USER_idx` (`teacher_user_id`),
  KEY `PC_COACH_USER` (`coach_user_id`),
  KEY `PC_SEASON` (`season`),
  KEY `PC_CIRCUIT` (`circuit`),
  CONSTRAINT `PC_CIRCUIT` FOREIGN KEY (`circuit`) REFERENCES `drop_player_ranking` (`id`),
  CONSTRAINT `PC_COACH_USER` FOREIGN KEY (`coach_user_id`) REFERENCES `users` (`user_id`) ON DELETE NO ACTION ON UPDATE NO ACTION,
  CONSTRAINT `PC_FITNESS_USER` FOREIGN KEY (`fitness_user_id`) REFERENCES `users` (`user_id`) ON DELETE NO ACTION ON UPDATE NO ACTION,
  CONSTRAINT `PC_GRADE` FOREIGN KEY (`grade_id`) REFERENCES `grade` (`id`),
  CONSTRAINT `PC_GUARDIAN_USER` FOREIGN KEY (`guardian_user_id`) REFERENCES `users` (`user_id`) ON DELETE NO ACTION ON UPDATE NO ACTION,
  CONSTRAINT `PC_SEASON` FOREIGN KEY (`season`) REFERENCES `drop_season` (`id`),
  CONSTRAINT `PC_STUDENT` FOREIGN KEY (`player_id`) REFERENCES `player` (`id`),
  CONSTRAINT `PC_TEACHER_USER` FOREIGN KEY (`teacher_user_id`) REFERENCES `users` (`user_id`) ON DELETE NO ACTION ON UPDATE NO ACTION,
  CONSTRAINT `PC_TENNIS_GROUP` FOREIGN KEY (`tennis_group_id`) REFERENCES `tennis_groups` (`id`)
) ENGINE=InnoDB AUTO_INCREMENT=465 DEFAULT CHARSET=utf8;

-- Volcando datos para la tabla prueba.player_clasification: ~42 rows (aproximadamente)
DELETE FROM `player_clasification`;
/*!40000 ALTER TABLE `player_clasification` DISABLE KEYS */;
INSERT INTO `player_clasification` (`id`, `player_id`, `season`, `tennis_group_id`, `grade_id`, `coach_user_id`, `fitness_user_id`, `guardian_user_id`, `teacher_user_id`, `circuit`) VALUES
	(300, 56, 5, 4, 7, 23, 92, 53, 330, 4),
	(303, 59, 5, 5, 11, 23, 43, 53, 330, 4),
	(305, 61, 5, 7, 6, 95, 41, 57, 87, 6),
	(306, 62, 5, 6, 6, 277, 41, 54, 87, 6),
	(307, 63, 5, 14, 7, 118, 131, 52, 330, 6),
	(308, 64, 5, 4, 6, 27, 92, 53, 87, 4),
	(309, 65, 5, 6, 6, 21, 41, NULL, 87, 6),
	(310, 66, 5, 5, 7, 117, 92, 53, 330, 4),
	(311, 67, 5, 14, 6, 118, 131, 52, 87, 4),
	(312, 68, 5, 0, 6, NULL, NULL, NULL, 87, NULL),
	(313, 69, 5, 14, 5, 118, 131, NULL, 85, 4),
	(314, 70, 5, 15, 6, 35, 131, NULL, 87, 6),
	(315, 71, 5, 7, 5, 95, 41, 57, 85, 6),
	(316, 72, 5, 7, 5, 95, 41, 57, 85, 6),
	(318, 75, 5, 6, 5, 21, 41, NULL, 85, 6),
	(319, 76, 5, 7, 6, 95, 41, 57, 87, 6),
	(320, 77, 5, 6, 6, 21, 41, 57, 87, 6),
	(322, 79, 5, 8, 5, 115, 43, 54, 85, 6),
	(323, 80, 5, 15, 5, 33, 131, 52, 85, 6),
	(324, 81, 5, 2, 6, 26, 45, 322, 87, 4),
	(326, 83, 5, 10, 4, 29, 92, 56, 328, 5),
	(327, 84, 5, 14, 5, 32, 45, 52, 85, 4),
	(328, 85, 5, 17, 4, 282, 131, NULL, 328, 6),
	(329, 86, 5, 10, 13, 29, 92, NULL, 327, 5),
	(330, 87, 5, 11, 4, 29, 92, 56, 328, 6),
	(331, 88, 5, 14, 5, 33, 131, 52, 85, 5),
	(332, 89, 5, 7, 5, 21, 41, 57, 85, 6),
	(333, 90, 5, 14, 4, 33, 131, 322, 85, 6),
	(334, 91, 5, 9, 5, 115, 43, 54, 85, 6),
	(335, 92, 5, 10, 13, 28, 92, 56, 327, 5),
	(336, 93, 5, 10, 13, 29, 92, 56, 327, 5),
	(337, 94, 5, 10, 13, 29, 92, NULL, 327, 5),
	(338, 96, 5, 10, 13, 29, 92, 56, 327, 5),
	(339, 97, 5, 12, 13, 19, 41, 91, 327, 6),
	(340, 98, 5, 16, 3, 281, 131, 320, 79, 6),
	(341, 99, 5, 16, 3, 280, 131, NULL, 79, 5),
	(343, 101, 5, 16, 13, 280, 131, 320, 327, 5),
	(344, 102, 5, 10, 13, 278, 92, 56, 327, 5),
	(346, 104, 5, 11, 4, 28, 92, 56, 328, 6),
	(347, 105, 5, 16, 13, 281, 131, NULL, 327, 5),
	(348, 106, 5, 11, 4, 28, 92, 56, 328, 6),
	(349, 107, 5, 16, 3, 282, 131, 320, 79, 5);
/*!40000 ALTER TABLE `player_clasification` ENABLE KEYS */;

-- Volcando estructura para tabla prueba.player_utr
CREATE TABLE IF NOT EXISTS `player_utr` (
  `id` int(11) NOT NULL AUTO_INCREMENT,
  `player_id` int(11) NOT NULL,
  `date` date NOT NULL,
  `utr` decimal(4,2) DEFAULT NULL,
  `creation_user` varchar(50) DEFAULT NULL,
  `creation_date` timestamp NULL DEFAULT NULL,
  `modification_user` varchar(50) DEFAULT NULL,
  `modification_date` timestamp NULL DEFAULT NULL,
  PRIMARY KEY (`id`),
  KEY `PU_PLAYER` (`player_id`,`date`),
  CONSTRAINT `PU_PLAYER` FOREIGN KEY (`player_id`) REFERENCES `player` (`id`)
) ENGINE=InnoDB AUTO_INCREMENT=4611 DEFAULT CHARSET=utf8;

-- Volcando datos para la tabla prueba.player_utr: ~391 rows (aproximadamente)
DELETE FROM `player_utr`;
/*!40000 ALTER TABLE `player_utr` DISABLE KEYS */;
INSERT INTO `player_utr` (`id`, `player_id`, `date`, `utr`, `creation_user`, `creation_date`, `modification_user`, `modification_date`) VALUES
	(57, 64, '2018-03-17', 11.18, NULL, NULL, NULL, NULL),
	(58, 64, '2018-06-17', 11.18, NULL, NULL, NULL, NULL),
	(59, 64, '2018-09-17', 11.41, NULL, NULL, NULL, NULL),
	(60, 64, '2018-12-17', 11.05, NULL, NULL, NULL, NULL),
	(62, 56, '2018-03-17', 11.09, NULL, NULL, NULL, NULL),
	(63, 56, '2018-06-17', 11.64, NULL, NULL, NULL, NULL),
	(64, 56, '2018-09-17', 11.49, NULL, NULL, NULL, NULL),
	(65, 56, '2018-12-17', 11.28, NULL, NULL, NULL, NULL),
	(74, 67, '2018-03-17', 8.49, NULL, NULL, NULL, NULL),
	(75, 67, '2018-06-17', 9.43, NULL, NULL, NULL, NULL),
	(76, 67, '2018-09-17', 9.69, NULL, NULL, NULL, NULL),
	(77, 67, '2018-12-17', 9.24, NULL, NULL, NULL, NULL),
	(78, 88, '2018-09-17', 7.80, NULL, NULL, NULL, NULL),
	(79, 88, '2018-12-17', 7.82, NULL, NULL, NULL, NULL),
	(80, 76, '2018-12-17', 9.29, NULL, NULL, NULL, NULL),
	(86, 80, '2018-03-17', 5.77, NULL, NULL, NULL, NULL),
	(87, 80, '2018-06-17', 6.03, NULL, NULL, NULL, NULL),
	(88, 80, '2018-09-17', 5.98, NULL, NULL, NULL, NULL),
	(89, 80, '2018-12-17', 5.92, NULL, NULL, NULL, NULL),
	(90, 72, '2018-09-17', 7.92, NULL, NULL, NULL, NULL),
	(91, 72, '2018-12-17', 7.43, NULL, NULL, NULL, NULL),
	(92, 102, '2018-12-17', 8.20, NULL, NULL, NULL, NULL),
	(96, 63, '2018-03-17', 8.73, NULL, NULL, NULL, NULL),
	(97, 63, '2018-06-17', 8.68, NULL, NULL, NULL, NULL),
	(98, 63, '2018-09-17', 8.80, NULL, NULL, NULL, NULL),
	(99, 63, '2018-12-17', 8.69, NULL, NULL, NULL, NULL),
	(109, 66, '2018-09-17', 10.06, NULL, NULL, NULL, NULL),
	(110, 66, '2018-12-17', 9.87, NULL, NULL, NULL, NULL),
	(116, 83, '2018-03-17', 7.76, NULL, NULL, NULL, NULL),
	(117, 83, '2018-06-17', 7.08, NULL, NULL, NULL, NULL),
	(118, 83, '2018-09-17', 6.93, NULL, NULL, NULL, NULL),
	(119, 83, '2018-12-17', 7.28, NULL, NULL, NULL, NULL),
	(122, 62, '2018-12-17', 8.09, NULL, NULL, NULL, NULL),
	(125, 92, '2018-06-17', 7.20, NULL, NULL, NULL, NULL),
	(126, 92, '2018-09-17', 7.41, NULL, NULL, NULL, NULL),
	(127, 92, '2018-12-17', 7.48, NULL, NULL, NULL, NULL),
	(129, 86, '2018-06-17', 8.43, NULL, NULL, NULL, NULL),
	(130, 86, '2018-09-17', 8.67, NULL, NULL, NULL, NULL),
	(131, 86, '2018-12-17', 8.43, NULL, NULL, NULL, NULL),
	(132, 91, '2018-09-17', 6.60, NULL, NULL, NULL, NULL),
	(133, 91, '2018-12-17', 6.88, NULL, NULL, NULL, NULL),
	(135, 61, '2018-03-17', 6.72, NULL, NULL, NULL, NULL),
	(136, 61, '2018-06-17', 7.71, NULL, NULL, NULL, NULL),
	(137, 61, '2018-09-17', 7.99, NULL, NULL, NULL, NULL),
	(138, 61, '2018-12-17', 8.06, NULL, NULL, NULL, NULL),
	(143, 107, '2018-03-17', 3.50, NULL, NULL, NULL, NULL),
	(144, 107, '2018-06-17', 3.93, NULL, NULL, NULL, NULL),
	(145, 107, '2018-09-17', 3.80, NULL, NULL, NULL, NULL),
	(146, 107, '2018-12-17', 4.23, NULL, NULL, NULL, NULL),
	(147, 71, '2018-12-17', 5.33, NULL, NULL, NULL, NULL),
	(148, 106, '2018-09-17', 6.30, NULL, NULL, NULL, NULL),
	(149, 106, '2018-12-17', 6.14, NULL, NULL, NULL, NULL),
	(150, 79, '2018-12-17', 5.41, NULL, NULL, NULL, NULL),
	(152, 96, '2018-12-17', 6.78, NULL, NULL, NULL, NULL),
	(167, 68, '2018-09-17', 7.03, NULL, NULL, NULL, NULL),
	(168, 68, '2018-12-17', 6.72, NULL, NULL, NULL, NULL),
	(184, 87, '2018-12-17', 6.24, NULL, NULL, NULL, NULL),
	(185, 93, '2018-12-17', 9.61, NULL, NULL, NULL, NULL),
	(186, 101, '2018-12-17', 6.37, NULL, NULL, NULL, NULL),
	(187, 97, '2018-12-17', 4.45, NULL, NULL, NULL, NULL),
	(199, 94, '2018-12-17', 6.56, NULL, NULL, NULL, NULL),
	(211, 90, '2018-12-17', 8.47, NULL, NULL, NULL, NULL),
	(216, 104, '2018-03-17', 5.67, NULL, NULL, NULL, NULL),
	(217, 104, '2018-09-17', 6.32, NULL, NULL, NULL, NULL),
	(218, 104, '2018-12-17', 6.31, NULL, NULL, NULL, NULL),
	(219, 77, '2018-09-17', 8.60, NULL, NULL, NULL, NULL),
	(220, 77, '2018-12-17', 8.87, NULL, NULL, NULL, NULL),
	(221, 81, '2018-03-17', 11.53, NULL, NULL, NULL, NULL),
	(222, 81, '2018-06-17', 11.52, NULL, NULL, NULL, NULL),
	(223, 81, '2018-09-17', 12.06, NULL, NULL, NULL, NULL),
	(224, 81, '2018-12-17', 11.97, NULL, NULL, NULL, NULL),
	(234, 84, '2018-03-17', 10.10, NULL, NULL, NULL, NULL),
	(235, 84, '2018-06-17', 10.76, NULL, NULL, NULL, NULL),
	(236, 84, '2018-09-17', 11.27, NULL, NULL, NULL, NULL),
	(237, 84, '2018-12-17', 11.39, NULL, NULL, NULL, NULL),
	(238, 98, '2018-12-17', 4.32, NULL, NULL, NULL, NULL),
	(239, 75, '2018-12-17', 9.15, NULL, NULL, 'pramirez', '2019-04-10 14:34:33'),
	(248, 86, '2018-03-17', 7.84, NULL, NULL, NULL, NULL),
	(249, 86, '2018-06-17', 8.19, NULL, NULL, NULL, NULL),
	(250, 86, '2018-09-17', 8.43, NULL, NULL, NULL, NULL),
	(251, 86, '2018-12-17', 8.47, NULL, NULL, NULL, NULL),
	(255, 89, '2018-12-17', 8.50, NULL, NULL, NULL, NULL),
	(256, 99, '2018-12-17', 6.07, NULL, NULL, NULL, NULL),
	(257, 105, '2018-09-17', 6.69, NULL, NULL, NULL, NULL),
	(258, 105, '2018-12-17', 6.76, NULL, NULL, NULL, NULL),
	(267, 98, '2019-04-09', 4.35, 'gprestes', '2019-04-09 19:23:18', NULL, NULL),
	(269, 105, '2019-04-09', 6.44, 'gprestes', '2019-04-09 19:23:42', NULL, NULL),
	(271, 99, '2019-04-09', 6.79, 'gprestes', '2019-04-09 19:23:56', NULL, NULL),
	(274, 85, '2019-04-09', 3.29, 'gprestes', '2019-04-09 19:24:20', NULL, NULL),
	(276, 101, '2019-04-09', 7.24, 'gprestes', '2019-04-09 19:24:45', NULL, NULL),
	(278, 88, '2019-04-09', 7.86, 'gprestes', '2019-04-09 19:24:57', NULL, NULL),
	(284, 107, '2019-04-09', 5.46, 'gprestes', '2019-04-09 19:25:54', NULL, NULL),
	(286, 80, '2019-04-09', 6.47, 'gprestes', '2019-04-09 19:26:06', NULL, NULL),
	(288, 56, '2019-04-09', 11.13, 'gprestes', '2019-04-09 19:26:23', NULL, NULL),
	(292, 69, '2019-04-09', 9.26, 'gprestes', '2019-04-09 19:27:27', NULL, NULL),
	(295, 84, '2019-04-09', 11.32, 'gprestes', '2019-04-09 19:27:52', 'gprestes', '2019-04-09 19:28:14'),
	(300, 70, '2019-04-09', 5.63, 'gprestes', '2019-04-09 19:28:46', NULL, NULL),
	(303, 81, '2019-04-09', 12.16, 'gprestes', '2019-04-09 19:29:11', NULL, NULL),
	(305, 63, '2019-04-09', 8.58, 'gprestes', '2019-04-09 19:29:25', NULL, NULL),
	(307, 90, '2019-04-09', 8.24, 'gprestes', '2019-04-09 19:29:36', NULL, NULL),
	(314, 67, '2019-04-09', 8.82, 'gprestes', '2019-04-09 19:30:23', NULL, NULL),
	(319, 68, '2019-04-09', 6.09, 'gprestes', '2019-04-09 19:31:09', NULL, NULL),
	(322, 83, '2019-04-09', 8.00, 'nsavill', '2019-04-09 20:31:23', NULL, NULL),
	(323, 71, '2019-04-09', 7.74, 'nsavill', '2019-04-09 20:31:39', NULL, NULL),
	(324, 86, '2019-04-09', 8.23, 'nsavill', '2019-04-09 20:31:57', NULL, NULL),
	(325, 87, '2019-04-09', 6.63, 'nsavill', '2019-04-09 20:32:44', NULL, NULL),
	(326, 89, '2019-04-09', 9.15, 'nsavill', '2019-04-09 20:32:56', NULL, NULL),
	(327, 102, '2019-04-09', 8.92, 'nsavill', '2019-04-09 20:33:11', NULL, NULL),
	(328, 91, '2019-04-09', 7.18, 'nsavill', '2019-04-09 20:33:30', NULL, NULL),
	(331, 75, '2019-04-09', 9.49, 'nsavill', '2019-04-09 20:34:12', NULL, NULL),
	(332, 92, '2019-04-09', 8.27, 'nsavill', '2019-04-09 20:34:30', NULL, NULL),
	(333, 93, '2019-04-09', 9.28, 'nsavill', '2019-04-09 20:34:46', NULL, NULL),
	(335, 77, '2019-04-09', 8.59, 'nsavill', '2019-04-09 20:35:23', NULL, NULL),
	(337, 79, '2019-04-09', 6.62, 'nsavill', '2019-04-09 20:35:52', NULL, NULL),
	(338, 94, '2019-04-09', 6.08, 'nsavill', '2019-04-09 20:36:47', NULL, NULL),
	(340, 96, '2019-04-09', 7.45, 'nsavill', '2019-04-09 20:37:15', NULL, NULL),
	(341, 97, '2019-04-09', 3.98, 'nsavill', '2019-04-09 20:43:59', NULL, NULL),
	(347, 104, '2019-04-09', 6.69, 'nsavill', '2019-04-09 20:45:13', NULL, NULL),
	(351, 106, '2019-04-09', 6.24, 'nsavill', '2019-04-09 20:46:04', NULL, NULL),
	(369, 64, '2019-04-09', 10.66, 'nsavill', '2019-04-09 21:54:18', NULL, NULL),
	(370, 65, '2019-04-09', 9.03, 'nsavill', '2019-04-09 21:54:30', NULL, NULL),
	(373, 66, '2019-04-09', 9.88, 'nsavill', '2019-04-09 21:55:13', NULL, NULL),
	(379, 59, '2019-04-09', 7.76, 'nsavill', '2019-04-09 21:56:40', NULL, NULL),
	(382, 61, '2019-04-09', 8.20, 'nsavill', '2019-04-09 21:57:15', NULL, NULL),
	(384, 62, '2019-04-09', 8.24, 'nsavill', '2019-04-09 21:57:48', NULL, NULL),
	(388, 76, '2019-04-09', 8.61, 'nsavill', '2019-04-09 21:58:37', NULL, NULL),
	(391, 72, '2019-04-09', 7.76, 'pramirez', '2019-04-10 12:48:59', NULL, NULL),
	(394, 59, '2018-12-17', 7.49, 'pramirez', '2019-04-10 12:57:24', NULL, NULL),
	(420, 75, '2018-09-17', 8.84, 'pramirez', '2019-04-10 14:35:32', NULL, NULL),
	(421, 65, '2018-12-17', 8.96, 'pramirez', '2019-04-10 14:36:44', NULL, NULL),
	(422, 69, '2018-12-17', 9.65, 'pramirez', '2019-04-10 14:43:19', NULL, NULL),
	(423, 69, '2018-09-17', 9.34, 'pramirez', '2019-04-10 14:43:46', NULL, NULL),
	(424, 69, '2018-06-17', 9.08, 'pramirez', '2019-04-10 14:44:09', NULL, NULL),
	(425, 69, '2018-03-17', 8.57, 'pramirez', '2019-04-10 14:44:30', NULL, NULL),
	(426, 70, '2018-12-17', 5.94, 'pramirez', '2019-04-10 14:45:45', NULL, NULL),
	(427, 70, '2018-06-17', 6.19, 'pramirez', '2019-04-10 14:46:23', NULL, NULL),
	(758, 56, '2019-06-17', 10.63, 'sistemas', '2019-06-17 12:43:27', NULL, NULL),
	(762, 83, '2019-06-17', 7.99, 'sistemas', '2019-06-17 12:46:02', NULL, NULL),
	(764, 71, '2019-06-17', 7.94, 'sistemas', '2019-06-17 12:46:47', NULL, NULL),
	(765, 72, '2019-06-17', 7.54, 'sistemas', '2019-06-17 12:47:36', NULL, NULL),
	(766, 86, '2019-06-17', 8.63, 'sistemas', '2019-06-17 12:48:06', NULL, NULL),
	(767, 87, '2019-06-17', 6.48, 'sistemas', '2019-06-17 12:48:31', NULL, NULL),
	(768, 84, '2019-06-17', 11.15, 'sistemas', '2019-06-17 12:48:37', NULL, NULL),
	(769, 89, '2019-06-17', 9.31, 'sistemas', '2019-06-17 12:49:01', NULL, NULL),
	(771, 102, '2019-06-17', 8.78, 'sistemas', '2019-06-17 12:49:25', NULL, NULL),
	(773, 91, '2019-06-17', 7.45, 'sistemas', '2019-06-17 12:49:44', NULL, NULL),
	(776, 81, '2019-06-17', 12.25, 'sistemas', '2019-06-17 12:50:38', NULL, NULL),
	(777, 75, '2019-06-17', 9.33, 'sistemas', '2019-06-17 12:50:54', NULL, NULL),
	(779, 92, '2019-06-17', 8.06, 'sistemas', '2019-06-17 12:51:13', NULL, NULL),
	(780, 93, '2019-06-17', 9.86, 'sistemas', '2019-06-17 12:51:35', NULL, NULL),
	(782, 77, '2019-06-17', 8.76, 'sistemas', '2019-06-17 12:52:16', NULL, NULL),
	(786, 79, '2019-06-17', 6.66, 'sistemas', '2019-06-17 12:52:49', NULL, NULL),
	(787, 94, '2019-06-17', 6.33, 'sistemas', '2019-06-17 12:53:05', NULL, NULL),
	(790, 96, '2019-06-17', 7.28, 'sistemas', '2019-06-17 12:53:40', NULL, NULL),
	(791, 97, '2019-06-17', 4.02, 'sistemas', '2019-06-17 12:55:07', NULL, NULL),
	(798, 104, '2019-06-17', 6.68, 'sistemas', '2019-06-17 12:56:35', NULL, NULL),
	(807, 106, '2019-06-17', 5.94, 'sistemas', '2019-06-17 13:03:42', NULL, NULL),
	(820, 59, '2019-06-17', 7.40, 'sistemas', '2019-06-17 13:06:47', NULL, NULL),
	(823, 61, '2019-06-17', 8.22, 'sistemas', '2019-06-17 13:08:18', NULL, NULL),
	(826, 62, '2019-06-17', 8.38, 'sistemas', '2019-06-17 13:08:59', NULL, NULL),
	(833, 64, '2019-06-17', 10.43, 'sistemas', '2019-06-17 13:10:37', NULL, NULL),
	(834, 65, '2019-06-17', 8.67, 'sistemas', '2019-06-17 13:11:00', NULL, NULL),
	(835, 76, '2019-06-17', 8.45, 'sistemas', '2019-06-17 13:11:03', NULL, NULL),
	(843, 66, '2019-06-17', 9.67, 'sistemas', '2019-06-17 13:13:58', NULL, NULL),
	(844, 98, '2019-06-17', 4.52, 'sistemas', '2019-06-17 13:14:04', NULL, NULL),
	(845, 99, '2019-06-17', 7.06, 'sistemas', '2019-06-17 13:14:23', NULL, NULL),
	(848, 85, '2019-06-17', 4.04, 'sistemas', '2019-06-17 13:14:57', 'sistemas', '2019-06-17 13:15:13'),
	(849, 69, '2019-06-17', 9.32, 'sistemas', '2019-06-17 13:15:39', NULL, NULL),
	(852, 101, '2019-06-17', 7.41, 'sistemas', '2019-06-17 13:16:59', NULL, NULL),
	(854, 88, '2019-06-17', 8.15, 'sistemas', '2019-06-17 13:17:14', NULL, NULL),
	(859, 70, '2019-06-17', 5.87, 'sistemas', '2019-06-17 13:19:46', NULL, NULL),
	(862, 63, '2019-06-17', 8.42, 'sistemas', '2019-06-17 13:22:57', NULL, NULL),
	(863, 90, '2019-06-17', 7.63, 'sistemas', '2019-06-17 13:24:13', NULL, NULL),
	(867, 67, '2019-06-17', 9.10, 'sistemas', '2019-06-17 13:30:06', NULL, NULL),
	(870, 68, '2019-06-17', 6.08, 'sistemas', '2019-06-17 13:32:17', NULL, NULL),
	(871, 105, '2019-06-17', 6.96, 'sistemas', '2019-06-17 13:43:20', NULL, NULL),
	(873, 107, '2019-06-17', 6.19, 'sistemas', '2019-06-17 13:44:18', NULL, NULL),
	(874, 80, '2019-06-17', 6.18, 'sistemas', '2019-06-17 13:44:37', NULL, NULL),
	(1062, 84, '2019-07-29', 11.05, 'system', '2019-08-12 02:00:00', NULL, NULL),
	(1082, 56, '2019-07-29', 10.63, 'system', '2019-08-12 02:00:00', NULL, NULL),
	(1099, 64, '2019-07-29', 10.43, 'system', '2019-08-12 02:00:00', NULL, NULL),
	(1133, 93, '2019-07-29', 9.86, 'system', '2019-08-12 02:00:00', NULL, NULL),
	(1142, 66, '2019-07-29', 9.67, 'system', '2019-08-12 02:00:00', NULL, NULL),
	(1160, 75, '2019-07-29', 9.33, 'system', '2019-08-12 02:00:00', NULL, NULL),
	(1161, 69, '2019-07-29', 9.32, 'system', '2019-08-12 02:00:00', NULL, NULL),
	(1164, 89, '2019-07-29', 9.31, 'system', '2019-08-12 02:00:00', NULL, NULL),
	(1171, 67, '2019-07-29', 9.10, 'system', '2019-08-12 02:00:00', NULL, NULL),
	(1176, 102, '2019-07-29', 8.78, 'system', '2019-08-12 02:00:00', NULL, NULL),
	(1177, 77, '2019-07-29', 8.76, 'system', '2019-08-12 02:00:00', NULL, NULL),
	(1179, 65, '2019-07-29', 8.67, 'system', '2019-08-12 02:00:00', NULL, NULL),
	(1181, 86, '2019-07-29', 8.63, 'system', '2019-08-12 02:00:00', NULL, NULL),
	(1184, 76, '2019-07-29', 8.45, 'system', '2019-08-12 02:00:00', NULL, NULL),
	(1187, 63, '2019-07-29', 8.42, 'system', '2019-08-12 02:00:00', NULL, NULL),
	(1189, 62, '2019-07-29', 8.38, 'system', '2019-08-12 02:00:00', NULL, NULL),
	(1193, 61, '2019-07-29', 8.22, 'system', '2019-08-12 02:00:00', NULL, NULL),
	(1196, 92, '2019-07-29', 8.06, 'system', '2019-08-12 02:00:00', NULL, NULL),
	(1199, 83, '2019-07-29', 7.99, 'system', '2019-08-12 02:00:00', NULL, NULL),
	(1200, 71, '2019-07-29', 7.94, 'system', '2019-08-12 02:00:00', NULL, NULL),
	(1205, 90, '2019-07-29', 7.63, 'system', '2019-08-12 02:00:00', NULL, NULL),
	(1210, 72, '2019-07-29', 7.54, 'system', '2019-08-12 02:00:00', NULL, NULL),
	(1212, 91, '2019-07-29', 7.45, 'system', '2019-08-12 02:00:00', NULL, NULL),
	(1214, 101, '2019-07-29', 7.41, 'system', '2019-08-12 02:00:00', NULL, NULL),
	(1215, 59, '2019-07-29', 7.40, 'system', '2019-08-12 02:00:00', NULL, NULL),
	(1216, 96, '2019-07-29', 7.28, 'system', '2019-08-12 02:00:00', NULL, NULL),
	(1220, 99, '2019-07-29', 7.06, 'system', '2019-08-12 02:00:00', NULL, NULL),
	(1225, 104, '2019-07-29', 6.68, 'system', '2019-08-12 02:00:00', NULL, NULL),
	(1226, 79, '2019-07-29', 6.66, 'system', '2019-08-12 02:00:00', NULL, NULL),
	(1229, 87, '2019-07-29', 6.48, 'system', '2019-08-12 02:00:00', NULL, NULL),
	(1233, 107, '2019-07-29', 6.19, 'system', '2019-08-12 02:00:00', NULL, NULL),
	(1235, 80, '2019-07-29', 6.18, 'system', '2019-08-12 02:00:00', NULL, NULL),
	(1236, 68, '2019-07-29', 6.08, 'system', '2019-08-12 02:00:00', NULL, NULL),
	(1237, 106, '2019-07-29', 5.94, 'system', '2019-08-12 02:00:00', NULL, NULL),
	(1238, 70, '2019-07-29', 5.87, 'system', '2019-08-12 02:00:00', NULL, NULL),
	(1245, 98, '2019-07-29', 4.52, 'system', '2019-08-12 02:00:00', NULL, NULL),
	(1249, 85, '2019-07-29', 4.04, 'system', '2019-08-12 02:00:00', NULL, NULL),
	(1250, 97, '2019-07-29', 4.02, 'system', '2019-08-12 02:00:00', NULL, NULL),
	(1252, 81, '2019-07-29', 12.25, 'system', '2019-08-12 02:00:00', NULL, NULL),
	(1257, 84, '2019-09-19', 11.08, 'pramirez', '2019-09-19 16:02:43', NULL, NULL),
	(1260, 81, '2019-09-19', 12.42, 'pramirez', '2019-09-19 16:06:19', NULL, NULL),
	(3957, 85, '2019-08-01', 3.65, 'system', '2019-10-29 01:00:00', NULL, NULL),
	(3958, 85, '2019-08-30', 3.90, 'system', '2019-10-29 01:00:00', NULL, NULL),
	(3959, 85, '2019-10-01', 3.69, 'system', '2019-10-29 01:00:00', NULL, NULL),
	(3960, 104, '2019-08-01', 6.92, 'system', '2019-10-29 01:00:00', NULL, NULL),
	(3961, 104, '2019-08-30', 6.62, 'system', '2019-10-29 01:00:00', NULL, NULL),
	(3962, 104, '2019-10-01', 6.62, 'system', '2019-10-29 01:00:00', NULL, NULL),
	(3963, 93, '2019-08-01', 9.55, 'system', '2019-10-29 01:00:00', NULL, NULL),
	(3964, 93, '2019-08-30', 9.54, 'system', '2019-10-29 01:00:00', NULL, NULL),
	(3965, 93, '2019-10-01', 9.68, 'system', '2019-10-29 01:00:00', NULL, NULL),
	(3968, 87, '2019-08-01', 6.51, 'system', '2019-10-29 01:00:00', NULL, NULL),
	(3969, 87, '2019-08-30', 6.60, 'system', '2019-10-29 01:00:00', NULL, NULL),
	(3970, 87, '2019-10-01', 6.64, 'system', '2019-10-29 01:00:00', NULL, NULL),
	(3974, 90, '2019-08-01', 10.90, 'system', '2019-10-29 01:00:00', NULL, NULL),
	(3975, 90, '2019-08-30', 10.89, 'system', '2019-10-29 01:00:00', NULL, NULL),
	(3976, 69, '2019-08-01', 9.15, 'system', '2019-10-29 01:00:00', NULL, NULL),
	(3977, 69, '2019-08-30', 9.12, 'system', '2019-10-29 01:00:00', NULL, NULL),
	(3978, 69, '2019-10-01', 9.18, 'system', '2019-10-29 01:00:00', NULL, NULL),
	(3983, 99, '2019-08-01', 7.28, 'system', '2019-10-29 01:00:00', NULL, NULL),
	(3984, 99, '2019-08-30', 7.23, 'system', '2019-10-29 01:00:00', NULL, NULL),
	(3985, 99, '2019-10-01', 7.25, 'system', '2019-10-29 01:00:00', NULL, NULL),
	(3989, 59, '2019-08-01', 8.21, 'system', '2019-10-29 01:00:00', NULL, NULL),
	(3990, 59, '2019-08-30', 8.28, 'system', '2019-10-29 01:00:00', NULL, NULL),
	(3991, 59, '2019-10-01', 8.23, 'system', '2019-10-29 01:00:00', NULL, NULL),
	(4000, 71, '2019-08-01', 8.14, 'system', '2019-10-29 01:00:00', NULL, NULL),
	(4001, 71, '2019-08-30', 8.14, 'system', '2019-10-29 01:00:00', NULL, NULL),
	(4002, 71, '2019-10-01', 8.16, 'system', '2019-10-29 01:00:00', NULL, NULL),
	(4009, 101, '2019-08-01', 7.43, 'system', '2019-10-29 01:00:00', NULL, NULL),
	(4010, 101, '2019-08-30', 7.45, 'system', '2019-10-29 01:00:00', NULL, NULL),
	(4011, 101, '2019-10-01', 7.47, 'system', '2019-10-29 01:00:00', NULL, NULL),
	(4012, 94, '2019-08-01', 6.30, 'system', '2019-10-29 01:00:00', NULL, NULL),
	(4013, 94, '2019-08-30', 6.41, 'system', '2019-10-29 01:00:00', NULL, NULL),
	(4014, 94, '2019-10-01', 6.52, 'system', '2019-10-29 01:00:00', NULL, NULL),
	(4021, 105, '2019-08-01', 6.64, 'system', '2019-10-29 01:00:00', NULL, NULL),
	(4022, 105, '2019-08-01', 6.90, 'system', '2019-10-29 01:00:00', NULL, NULL),
	(4023, 105, '2019-08-30', 6.59, 'system', '2019-10-29 01:00:00', NULL, NULL),
	(4024, 105, '2019-08-30', 6.81, 'system', '2019-10-29 01:00:00', NULL, NULL),
	(4025, 105, '2019-10-01', 6.65, 'system', '2019-10-29 01:00:00', NULL, NULL),
	(4026, 105, '2019-10-01', 6.79, 'system', '2019-10-29 01:00:00', NULL, NULL),
	(4027, 68, '2019-08-01', 5.07, 'system', '2019-10-29 01:00:00', NULL, NULL),
	(4028, 68, '2019-08-30', 5.15, 'system', '2019-10-29 01:00:00', NULL, NULL),
	(4029, 68, '2019-10-01', 5.17, 'system', '2019-10-29 01:00:00', NULL, NULL),
	(4032, 89, '2019-10-01', 9.43, 'system', '2019-10-29 01:00:00', NULL, NULL),
	(4042, 65, '2019-08-01', 8.66, 'system', '2019-10-29 01:00:00', NULL, NULL),
	(4043, 65, '2019-08-30', 8.85, 'system', '2019-10-29 01:00:00', NULL, NULL),
	(4044, 65, '2019-10-01', 9.07, 'system', '2019-10-29 01:00:00', NULL, NULL),
	(4048, 96, '2019-08-01', 7.48, 'system', '2019-10-29 01:00:00', NULL, NULL),
	(4049, 96, '2019-08-30', 7.56, 'system', '2019-10-29 01:00:00', NULL, NULL),
	(4050, 96, '2019-10-01', 7.60, 'system', '2019-10-29 01:00:00', NULL, NULL),
	(4083, 67, '2019-08-01', 9.25, 'system', '2019-10-29 01:00:00', NULL, NULL),
	(4084, 67, '2019-08-30', 9.26, 'system', '2019-10-29 01:00:00', NULL, NULL),
	(4085, 67, '2019-10-01', 9.27, 'system', '2019-10-29 01:00:00', NULL, NULL),
	(4093, 81, '2019-08-01', 12.34, 'system', '2019-10-29 01:00:00', NULL, NULL),
	(4094, 81, '2019-08-30', 12.44, 'system', '2019-10-29 01:00:00', NULL, NULL),
	(4095, 81, '2019-10-01', 12.43, 'system', '2019-10-29 01:00:00', NULL, NULL),
	(4096, 80, '2019-08-01', 6.15, 'system', '2019-10-29 01:00:00', NULL, NULL),
	(4097, 80, '2019-08-30', 6.26, 'system', '2019-10-29 01:00:00', NULL, NULL),
	(4098, 80, '2019-10-01', 6.34, 'system', '2019-10-29 01:00:00', NULL, NULL),
	(4099, 66, '2019-08-01', 9.73, 'system', '2019-10-29 01:00:00', NULL, NULL),
	(4100, 66, '2019-08-30', 9.85, 'system', '2019-10-29 01:00:00', NULL, NULL),
	(4101, 66, '2019-10-01', 9.88, 'system', '2019-10-29 01:00:00', NULL, NULL),
	(4113, 79, '2019-08-01', 6.69, 'system', '2019-10-29 01:00:00', NULL, NULL),
	(4114, 79, '2019-08-30', 6.78, 'system', '2019-10-29 01:00:00', NULL, NULL),
	(4115, 79, '2019-10-01', 6.78, 'system', '2019-10-29 01:00:00', NULL, NULL),
	(4116, 107, '2019-08-01', 6.42, 'system', '2019-10-29 01:00:00', NULL, NULL),
	(4117, 107, '2019-08-30', 6.46, 'system', '2019-10-29 01:00:00', NULL, NULL),
	(4118, 107, '2019-10-01', 6.50, 'system', '2019-10-29 01:00:00', NULL, NULL),
	(4129, 106, '2019-08-01', 6.33, 'system', '2019-10-29 01:00:00', NULL, NULL),
	(4130, 106, '2019-08-30', 6.52, 'system', '2019-10-29 01:00:00', NULL, NULL),
	(4131, 106, '2019-10-01', 6.52, 'system', '2019-10-29 01:00:00', NULL, NULL),
	(4147, 77, '2019-08-01', 8.86, 'system', '2019-10-29 01:00:00', NULL, NULL),
	(4148, 77, '2019-08-30', 9.01, 'system', '2019-10-29 01:00:00', NULL, NULL),
	(4149, 77, '2019-10-01', 9.03, 'system', '2019-10-29 01:00:00', NULL, NULL),
	(4155, 92, '2019-08-01', 8.09, 'system', '2019-10-29 01:00:00', NULL, NULL),
	(4156, 92, '2019-08-30', 8.12, 'system', '2019-10-29 01:00:00', NULL, NULL),
	(4157, 92, '2019-10-01', 8.17, 'system', '2019-10-29 01:00:00', NULL, NULL),
	(4167, 76, '2019-08-01', 8.49, 'system', '2019-10-29 01:00:00', NULL, NULL),
	(4168, 76, '2019-08-30', 8.53, 'system', '2019-10-29 01:00:00', NULL, NULL),
	(4169, 76, '2019-10-01', 8.55, 'system', '2019-10-29 01:00:00', NULL, NULL),
	(4183, 75, '2019-08-01', 9.51, 'system', '2019-10-29 01:00:00', NULL, NULL),
	(4184, 75, '2019-08-30', 9.53, 'system', '2019-10-29 01:00:00', NULL, NULL),
	(4185, 75, '2019-10-01', 9.58, 'system', '2019-10-29 01:00:00', NULL, NULL),
	(4195, 64, '2019-08-01', 10.53, 'system', '2019-10-29 01:00:00', NULL, NULL),
	(4196, 64, '2019-08-30', 10.70, 'system', '2019-10-29 01:00:00', NULL, NULL),
	(4197, 64, '2019-10-01', 10.78, 'system', '2019-10-29 01:00:00', NULL, NULL),
	(4237, 91, '2019-08-01', 7.63, 'system', '2019-10-29 01:00:00', NULL, NULL),
	(4238, 91, '2019-08-30', 7.79, 'system', '2019-10-29 01:00:00', NULL, NULL),
	(4239, 91, '2019-10-01', 8.07, 'system', '2019-10-29 01:00:00', NULL, NULL),
	(4243, 102, '2019-08-01', 8.80, 'system', '2019-10-29 01:00:00', NULL, NULL),
	(4244, 102, '2019-08-30', 8.75, 'system', '2019-10-29 01:00:00', NULL, NULL),
	(4245, 102, '2019-10-01', 8.75, 'system', '2019-10-29 01:00:00', NULL, NULL),
	(4246, 90, '2019-10-01', 8.05, 'system', '2019-10-29 01:00:00', NULL, NULL),
	(4253, 63, '2019-08-01', 8.28, 'system', '2019-10-29 01:00:00', NULL, NULL),
	(4254, 63, '2019-08-30', 8.31, 'system', '2019-10-29 01:00:00', NULL, NULL),
	(4255, 63, '2019-10-01', 8.32, 'system', '2019-10-29 01:00:00', NULL, NULL),
	(4265, 89, '2019-08-01', 9.31, 'system', '2019-10-29 01:00:00', NULL, NULL),
	(4266, 89, '2019-08-30', 9.39, 'system', '2019-10-29 01:00:00', NULL, NULL),
	(4271, 88, '2019-08-01', 8.33, 'system', '2019-10-29 01:00:00', NULL, NULL),
	(4272, 88, '2019-08-30', 8.36, 'system', '2019-10-29 01:00:00', NULL, NULL),
	(4273, 88, '2019-10-01', 8.36, 'system', '2019-10-29 01:00:00', NULL, NULL),
	(4274, 86, '2019-08-01', 8.74, 'system', '2019-10-29 01:00:00', NULL, NULL),
	(4275, 86, '2019-08-30', 8.87, 'system', '2019-10-29 01:00:00', NULL, NULL),
	(4276, 86, '2019-10-01', 8.90, 'system', '2019-10-29 01:00:00', NULL, NULL),
	(4277, 72, '2019-08-01', 7.80, 'system', '2019-10-29 01:00:00', NULL, NULL),
	(4278, 72, '2019-08-30', 8.04, 'system', '2019-10-29 01:00:00', NULL, NULL),
	(4279, 72, '2019-10-01', 8.07, 'system', '2019-10-29 01:00:00', NULL, NULL),
	(4289, 85, '2019-08-01', 4.22, 'system', '2019-10-29 01:00:00', NULL, NULL),
	(4290, 85, '2019-08-30', 4.27, 'system', '2019-10-29 01:00:00', NULL, NULL),
	(4291, 62, '2019-08-01', 8.34, 'system', '2019-10-29 01:00:00', NULL, NULL),
	(4292, 62, '2019-08-30', 8.38, 'system', '2019-10-29 01:00:00', NULL, NULL),
	(4293, 62, '2019-10-01', 8.47, 'system', '2019-10-29 01:00:00', NULL, NULL),
	(4301, 61, '2019-08-01', 8.33, 'system', '2019-10-29 01:00:00', NULL, NULL),
	(4302, 61, '2019-08-30', 8.33, 'system', '2019-10-29 01:00:00', NULL, NULL),
	(4303, 61, '2019-10-01', 8.38, 'system', '2019-10-29 01:00:00', NULL, NULL),
	(4338, 84, '2019-08-01', 11.05, 'system', '2019-10-29 01:00:00', NULL, NULL),
	(4339, 84, '2019-08-30', 11.01, 'system', '2019-10-29 01:00:00', NULL, NULL),
	(4340, 84, '2019-10-01', 11.22, 'system', '2019-10-29 01:00:00', NULL, NULL),
	(4345, 83, '2019-08-01', 8.27, 'system', '2019-10-29 01:00:00', NULL, NULL),
	(4346, 83, '2019-08-30', 8.37, 'system', '2019-10-29 01:00:00', NULL, NULL),
	(4347, 83, '2019-10-01', 8.37, 'system', '2019-10-29 01:00:00', NULL, NULL),
	(4368, 98, '2019-08-01', 4.71, 'system', '2019-10-29 01:00:00', NULL, NULL),
	(4369, 98, '2019-08-30', 4.95, 'system', '2019-10-29 01:00:00', NULL, NULL),
	(4370, 98, '2019-10-01', 5.00, 'system', '2019-10-29 01:00:00', NULL, NULL),
	(4386, 56, '2019-08-01', 10.83, 'system', '2019-10-29 01:00:00', NULL, NULL),
	(4387, 56, '2019-08-30', 10.75, 'system', '2019-10-29 01:00:00', NULL, NULL),
	(4388, 56, '2019-10-01', 10.67, 'system', '2019-10-29 01:00:00', NULL, NULL),
	(4404, 97, '2019-08-01', 4.41, 'system', '2019-10-29 01:00:00', NULL, NULL),
	(4405, 97, '2019-08-30', 4.80, 'system', '2019-10-29 01:00:00', NULL, NULL),
	(4406, 97, '2019-10-01', 4.85, 'system', '2019-10-29 01:00:00', NULL, NULL),
	(4423, 81, '2019-11-09', 12.47, 'system', '2019-11-20 01:00:00', NULL, NULL),
	(4432, 84, '2019-11-18', 11.37, 'system', '2019-11-20 01:00:00', NULL, NULL),
	(4438, 64, '2019-11-24', 10.91, 'system', '2019-11-20 01:00:00', NULL, NULL),
	(4453, 81, '2019-11-01', 12.47, 'system', '2019-11-20 01:00:00', NULL, NULL),
	(4462, 84, '2019-11-01', 11.37, 'system', '2019-11-20 01:00:00', NULL, NULL),
	(4468, 64, '2019-11-01', 10.91, 'system', '2019-11-20 01:00:00', NULL, NULL),
	(4484, 66, '2019-11-01', 9.86, 'system', '2019-11-20 01:00:00', NULL, NULL),
	(4488, 93, '2019-11-01', 9.73, 'system', '2019-11-20 01:00:00', NULL, NULL),
	(4495, 75, '2019-11-01', 9.59, 'system', '2019-11-20 01:00:00', NULL, NULL),
	(4496, 89, '2019-11-01', 9.57, 'system', '2019-11-20 01:00:00', NULL, NULL),
	(4501, 67, '2019-11-01', 9.27, 'system', '2019-11-20 01:00:00', NULL, NULL),
	(4504, 65, '2019-11-01', 9.22, 'system', '2019-11-20 01:00:00', NULL, NULL),
	(4505, 69, '2019-11-01', 9.20, 'system', '2019-11-20 01:00:00', NULL, NULL),
	(4508, 77, '2019-11-01', 9.05, 'system', '2019-11-20 01:00:00', NULL, NULL),
	(4511, 86, '2019-11-01', 8.97, 'system', '2019-11-20 01:00:00', NULL, NULL),
	(4516, 102, '2019-11-01', 8.78, 'system', '2019-11-20 01:00:00', NULL, NULL),
	(4519, 83, '2019-11-01', 8.49, 'system', '2019-11-20 01:00:00', NULL, NULL),
	(4522, 62, '2019-11-01', 8.38, 'system', '2019-11-20 01:00:00', NULL, NULL),
	(4523, 61, '2019-11-01', 8.37, 'system', '2019-11-20 01:00:00', NULL, NULL),
	(4524, 63, '2019-11-01', 8.36, 'system', '2019-11-20 01:00:00', NULL, NULL),
	(4525, 88, '2019-11-01', 8.31, 'system', '2019-11-20 01:00:00', NULL, NULL),
	(4526, 90, '2019-11-01', 8.28, 'system', '2019-11-20 01:00:00', NULL, NULL),
	(4527, 76, '2019-11-01', 8.26, 'system', '2019-11-20 01:00:00', NULL, NULL),
	(4528, 59, '2019-11-01', 8.26, 'system', '2019-11-20 01:00:00', NULL, NULL),
	(4531, 72, '2019-11-01', 8.19, 'system', '2019-11-20 01:00:00', NULL, NULL),
	(4532, 92, '2019-11-01', 8.19, 'system', '2019-11-20 01:00:00', NULL, NULL),
	(4533, 91, '2019-11-01', 8.17, 'system', '2019-11-20 01:00:00', NULL, NULL),
	(4534, 71, '2019-11-01', 8.16, 'system', '2019-11-20 01:00:00', NULL, NULL),
	(4539, 96, '2019-11-01', 7.70, 'system', '2019-11-20 01:00:00', NULL, NULL),
	(4543, 101, '2019-11-01', 7.52, 'system', '2019-11-20 01:00:00', NULL, NULL),
	(4549, 99, '2019-11-01', 7.32, 'system', '2019-11-20 01:00:00', NULL, NULL),
	(4558, 79, '2019-11-01', 6.84, 'system', '2019-11-20 01:00:00', NULL, NULL),
	(4559, 94, '2019-11-01', 6.77, 'system', '2019-11-20 01:00:00', NULL, NULL),
	(4561, 105, '2019-11-01', 6.63, 'system', '2019-11-20 01:00:00', NULL, NULL),
	(4563, 104, '2019-11-01', 6.59, 'system', '2019-11-20 01:00:00', NULL, NULL),
	(4564, 107, '2019-11-01', 6.58, 'system', '2019-11-20 01:00:00', NULL, NULL),
	(4567, 106, '2019-11-01', 6.53, 'system', '2019-11-20 01:00:00', NULL, NULL),
	(4573, 80, '2019-11-01', 6.33, 'system', '2019-11-20 01:00:00', NULL, NULL),
	(4586, 98, '2019-11-01', 5.05, 'system', '2019-11-20 01:00:00', NULL, NULL),
	(4588, 68, '2019-11-01', 5.00, 'system', '2019-11-20 01:00:00', NULL, NULL),
	(4590, 97, '2019-11-01', 4.96, 'system', '2019-11-20 01:00:00', NULL, NULL),
	(4601, 85, '2019-11-01', 3.86, 'system', '2019-11-20 01:00:00', NULL, NULL),
	(4605, 70, '2019-11-01', 0.00, 'system', '2019-11-20 01:00:00', NULL, NULL),
	(4606, 56, '2019-11-01', 0.00, 'system', '2019-11-20 01:00:00', NULL, NULL);
/*!40000 ALTER TABLE `player_utr` ENABLE KEYS */;

-- Volcando estructura para tabla prueba.tennis
CREATE TABLE IF NOT EXISTS `tennis` (
  `id` int(11) NOT NULL AUTO_INCREMENT,
  `player_clasification_id` int(11) NOT NULL DEFAULT 0,
  `date` date NOT NULL,
  `at_value` int(11) DEFAULT NULL,
  `value` int(11) DEFAULT NULL,
  `session` tinyint(4) NOT NULL DEFAULT 1,
  `checked` tinyint(4) NOT NULL DEFAULT 0,
  PRIMARY KEY (`id`),
  UNIQUE KEY `T_PLAYER_TENNIS_GROUP_DATE` (`player_clasification_id`,`date`,`session`),
  KEY `T_DAT` (`at_value`),
  CONSTRAINT `T_DAT` FOREIGN KEY (`at_value`) REFERENCES `drop_at` (`at_id`),
  CONSTRAINT `T_PLAYER_TENNIS_GROUP` FOREIGN KEY (`player_clasification_id`) REFERENCES `player_clasification` (`id`)
) ENGINE=InnoDB AUTO_INCREMENT=47234 DEFAULT CHARSET=utf8;

-- Volcando datos para la tabla prueba.tennis: ~1.346 rows (aproximadamente)
DELETE FROM `tennis`;
/*!40000 ALTER TABLE `tennis` DISABLE KEYS */;
INSERT INTO `tennis` (`id`, `player_clasification_id`, `date`, `at_value`, `value`, `session`, `checked`) VALUES
	(40688, 300, '2019-09-02', 1, 4, 1, 1),
	(40690, 303, '2019-09-02', 1, 4, 1, 1),
	(40691, 305, '2019-09-02', 1, 4, 1, 1),
	(40692, 306, '2019-09-02', 1, 4, 1, 1),
	(40693, 307, '2019-09-02', 1, 4, 1, 1),
	(40694, 308, '2019-09-02', 1, 4, 1, 1),
	(40695, 309, '2019-09-02', 8, 4, 1, 1),
	(40696, 310, '2019-09-02', 1, 4, 1, 1),
	(40697, 311, '2019-09-02', 4, NULL, 1, 1),
	(40699, 313, '2019-09-02', 1, 5, 1, 1),
	(40700, 314, '2019-09-02', 4, NULL, 1, 1),
	(40701, 315, '2019-09-02', 11, NULL, 1, 1),
	(40702, 316, '2019-09-02', 1, 4, 1, 1),
	(40703, 318, '2019-09-02', 1, 4, 1, 1),
	(40704, 319, '2019-09-02', 1, 4, 1, 1),
	(40705, 320, '2019-09-02', 1, 4, 1, 1),
	(40706, 322, '2019-09-02', 1, 4, 1, 1),
	(40707, 323, '2019-09-02', 1, 3, 1, 1),
	(40708, 324, '2019-09-02', 11, NULL, 1, 1),
	(40709, 326, '2019-09-02', 11, NULL, 1, 1),
	(40710, 327, '2019-09-02', 11, NULL, 1, 1),
	(40711, 328, '2019-09-02', 1, 3, 1, 1),
	(40712, 329, '2019-09-02', 11, NULL, 1, 1),
	(40713, 330, '2019-09-02', 1, 4, 1, 1),
	(40714, 331, '2019-09-02', 1, 4, 1, 1),
	(40715, 332, '2019-09-02', 1, 3, 1, 1),
	(40716, 333, '2019-09-02', 12, NULL, 1, 1),
	(40717, 334, '2019-09-02', 1, 4, 1, 1),
	(40718, 335, '2019-09-02', 1, 4, 1, 1),
	(40719, 336, '2019-09-02', 11, NULL, 1, 1),
	(40720, 337, '2019-09-02', 1, 4, 1, 1),
	(40721, 338, '2019-09-02', 1, 4, 1, 1),
	(40722, 339, '2019-09-02', 1, 3, 1, 1),
	(40723, 340, '2019-09-02', 1, 3, 1, 1),
	(40724, 341, '2019-09-02', 11, NULL, 1, 1),
	(40725, 343, '2019-09-02', 1, 3, 1, 1),
	(40726, 344, '2019-09-02', 1, 4, 1, 1),
	(40727, 346, '2019-09-02', 1, 4, 1, 1),
	(40728, 347, '2019-09-02', 1, 3, 1, 1),
	(40729, 348, '2019-09-02', 1, 4, 1, 1),
	(40730, 349, '2019-09-02', 1, 3, 1, 1),
	(40802, 303, '2019-09-02', 7, NULL, 2, 1),
	(40839, 300, '2019-09-03', 8, 3, 1, 1),
	(40841, 303, '2019-09-03', 1, 4, 1, 1),
	(40842, 305, '2019-09-03', 1, 4, 1, 1),
	(40843, 306, '2019-09-03', 1, 3, 1, 1),
	(40844, 307, '2019-09-03', 1, 3, 1, 1),
	(40845, 308, '2019-09-03', 1, 4, 1, 1),
	(40846, 309, '2019-09-03', 1, 4, 1, 1),
	(40847, 310, '2019-09-03', 1, 4, 1, 1),
	(40848, 311, '2019-09-03', 4, NULL, 1, 1),
	(40850, 313, '2019-09-03', 1, 3, 1, 1),
	(40851, 314, '2019-09-03', 4, NULL, 1, 1),
	(40852, 315, '2019-09-03', 11, NULL, 1, 1),
	(40853, 316, '2019-09-03', 1, 4, 1, 1),
	(40854, 318, '2019-09-03', 1, 4, 1, 1),
	(40855, 319, '2019-09-03', 1, 4, 1, 1),
	(40856, 320, '2019-09-03', 1, 4, 1, 1),
	(40857, 322, '2019-09-03', 1, 4, 1, 1),
	(40858, 323, '2019-09-03', 1, 3, 1, 1),
	(40859, 324, '2019-09-03', 12, NULL, 1, 1),
	(40860, 326, '2019-09-03', 11, NULL, 1, 1),
	(40861, 327, '2019-09-03', 11, NULL, 1, 1),
	(40862, 328, '2019-09-03', 1, 3, 1, 1),
	(40863, 329, '2019-09-03', 11, NULL, 1, 1),
	(40864, 330, '2019-09-03', 1, 4, 1, 1),
	(40865, 331, '2019-09-03', 1, 2, 1, 1),
	(40866, 332, '2019-09-03', 1, 4, 1, 1),
	(40867, 333, '2019-09-03', 12, NULL, 1, 1),
	(40868, 334, '2019-09-03', 1, 4, 1, 1),
	(40869, 335, '2019-09-03', 1, 3, 1, 1),
	(40870, 336, '2019-09-03', 11, NULL, 1, 1),
	(40871, 337, '2019-09-03', 1, 4, 1, 1),
	(40872, 338, '2019-09-03', 1, 3, 1, 1),
	(40873, 339, '2019-09-03', 1, 3, 1, 1),
	(40874, 340, '2019-09-03', 1, 4, 1, 1),
	(40875, 341, '2019-09-03', 11, NULL, 1, 1),
	(40876, 343, '2019-09-03', 1, 2, 1, 1),
	(40877, 344, '2019-09-03', 1, 4, 1, 1),
	(40878, 346, '2019-09-03', 1, 2, 1, 1),
	(40879, 347, '2019-09-03', 1, 3, 1, 1),
	(40880, 348, '2019-09-03', 1, 4, 1, 1),
	(40881, 349, '2019-09-03', 1, 3, 1, 1),
	(40957, 303, '2019-09-03', 7, NULL, 2, 1),
	(40989, 300, '2019-09-04', 1, 3, 1, 1),
	(40991, 303, '2019-09-04', 1, 5, 1, 1),
	(40992, 305, '2019-09-04', 1, 4, 1, 1),
	(40993, 306, '2019-09-04', 1, 4, 1, 1),
	(40994, 307, '2019-09-04', 1, 4, 1, 1),
	(40995, 308, '2019-09-04', 1, 4, 1, 1),
	(40996, 309, '2019-09-04', 1, 4, 1, 1),
	(40997, 310, '2019-09-04', 1, 3, 1, 1),
	(40998, 311, '2019-09-04', 4, NULL, 1, 1),
	(41000, 313, '2019-09-04', 1, 4, 1, 1),
	(41001, 314, '2019-09-04', 4, NULL, 1, 1),
	(41002, 315, '2019-09-04', 11, NULL, 1, 1),
	(41003, 316, '2019-09-04', 1, 3, 1, 1),
	(41004, 318, '2019-09-04', 1, 2, 1, 1),
	(41005, 319, '2019-09-04', 1, 4, 1, 1),
	(41006, 320, '2019-09-04', 1, 5, 1, 1),
	(41007, 322, '2019-09-04', 1, 5, 1, 1),
	(41008, 323, '2019-09-04', 1, 4, 1, 1),
	(41009, 324, '2019-09-04', 12, NULL, 1, 1),
	(41010, 326, '2019-09-04', 1, 4, 1, 1),
	(41011, 327, '2019-09-04', 11, NULL, 1, 1),
	(41012, 328, '2019-09-04', 8, 2, 1, 1),
	(41013, 329, '2019-09-04', 11, NULL, 1, 1),
	(41014, 330, '2019-09-04', 1, 4, 1, 1),
	(41015, 331, '2019-09-04', 1, 3, 1, 1),
	(41016, 332, '2019-09-04', 1, 2, 1, 1),
	(41017, 333, '2019-09-04', 7, NULL, 1, 1),
	(41018, 334, '2019-09-04', 1, 5, 1, 1),
	(41019, 335, '2019-09-04', 1, 3, 1, 1),
	(41020, 336, '2019-09-04', 11, NULL, 1, 1),
	(41021, 337, '2019-09-04', 5, NULL, 1, 1),
	(41022, 338, '2019-09-04', 1, 4, 1, 1),
	(41023, 339, '2019-09-04', 8, 3, 1, 1),
	(41024, 340, '2019-09-04', 1, 4, 1, 1),
	(41025, 341, '2019-09-04', 11, NULL, 1, 1),
	(41026, 343, '2019-09-04', 1, 3, 1, 1),
	(41027, 344, '2019-09-04', 1, 4, 1, 1),
	(41028, 346, '2019-09-04', 1, 2, 1, 1),
	(41029, 347, '2019-09-04', 1, 3, 1, 1),
	(41030, 348, '2019-09-04', 1, 4, 1, 1),
	(41031, 349, '2019-09-04', 1, 2, 1, 1),
	(41120, 300, '2019-09-05', 1, 4, 1, 1),
	(41122, 303, '2019-09-05', 1, 4, 1, 1),
	(41123, 305, '2019-09-05', 1, 3, 1, 1),
	(41124, 306, '2019-09-05', 1, 2, 1, 1),
	(41125, 307, '2019-09-05', 1, 4, 1, 1),
	(41126, 308, '2019-09-05', 1, 4, 1, 1),
	(41127, 309, '2019-09-05', 1, 4, 1, 1),
	(41128, 310, '2019-09-05', 1, 4, 1, 1),
	(41129, 311, '2019-09-05', 4, NULL, 1, 1),
	(41131, 313, '2019-09-05', 1, 4, 1, 1),
	(41132, 314, '2019-09-05', 4, NULL, 1, 1),
	(41133, 315, '2019-09-05', 11, NULL, 1, 1),
	(41134, 316, '2019-09-05', 1, 4, 1, 1),
	(41135, 318, '2019-09-05', 8, 3, 1, 1),
	(41136, 319, '2019-09-05', 1, 3, 1, 1),
	(41137, 320, '2019-09-05', 1, 4, 1, 1),
	(41138, 322, '2019-09-05', 1, 5, 1, 1),
	(41139, 323, '2019-09-05', 1, 4, 1, 1),
	(41140, 324, '2019-09-05', 11, NULL, 1, 1),
	(41141, 326, '2019-09-05', 1, 3, 1, 1),
	(41142, 327, '2019-09-05', 11, NULL, 1, 1),
	(41143, 328, '2019-09-05', 8, 3, 1, 1),
	(41144, 329, '2019-09-05', 11, NULL, 1, 1),
	(41145, 330, '2019-09-05', 1, 4, 1, 1),
	(41146, 331, '2019-09-05', 1, 3, 1, 1),
	(41147, 332, '2019-09-05', 1, 3, 1, 1),
	(41148, 333, '2019-09-05', 12, NULL, 1, 1),
	(41149, 334, '2019-09-05', 1, 5, 1, 1),
	(41150, 335, '2019-09-05', 1, 4, 1, 1),
	(41151, 336, '2019-09-05', 11, NULL, 1, 1),
	(41152, 337, '2019-09-05', 5, NULL, 1, 1),
	(41153, 338, '2019-09-05', 1, 4, 1, 1),
	(41154, 339, '2019-09-05', 8, 3, 1, 1),
	(41155, 340, '2019-09-05', 1, 3, 1, 1),
	(41156, 341, '2019-09-05', 7, NULL, 1, 1),
	(41157, 343, '2019-09-05', 1, 3, 1, 1),
	(41158, 344, '2019-09-05', 1, 4, 1, 1),
	(41159, 346, '2019-09-05', 1, 3, 1, 1),
	(41160, 347, '2019-09-05', 4, NULL, 1, 1),
	(41161, 348, '2019-09-05', 1, 4, 1, 1),
	(41162, 349, '2019-09-05', 1, 3, 1, 1),
	(41270, 300, '2019-09-06', 8, 2, 1, 1),
	(41271, 303, '2019-09-06', 1, 4, 1, 1),
	(41272, 305, '2019-09-06', 1, 3, 1, 1),
	(41273, 306, '2019-09-06', 1, 3, 1, 1),
	(41274, 307, '2019-09-06', 1, 4, 1, 1),
	(41275, 308, '2019-09-06', 1, 4, 1, 1),
	(41276, 309, '2019-09-06', 1, 2, 1, 1),
	(41277, 310, '2019-09-06', 1, 4, 1, 1),
	(41278, 311, '2019-09-06', 4, NULL, 1, 1),
	(41280, 313, '2019-09-06', 1, 4, 1, 1),
	(41281, 314, '2019-09-06', 4, NULL, 1, 1),
	(41282, 315, '2019-09-06', 11, NULL, 1, 1),
	(41283, 316, '2019-09-06', 1, 2, 1, 1),
	(41284, 318, '2019-09-06', 7, NULL, 1, 1),
	(41285, 319, '2019-09-06', 5, NULL, 1, 1),
	(41286, 320, '2019-09-06', 1, 5, 1, 1),
	(41287, 322, '2019-09-06', 1, 5, 1, 1),
	(41288, 323, '2019-09-06', 1, 3, 1, 1),
	(41289, 324, '2019-09-06', 12, NULL, 1, 1),
	(41290, 326, '2019-09-06', 1, 3, 1, 1),
	(41291, 327, '2019-09-06', 11, NULL, 1, 1),
	(41292, 328, '2019-09-06', 8, 3, 1, 1),
	(41293, 329, '2019-09-06', 1, 4, 1, 1),
	(41294, 330, '2019-09-06', 1, 4, 1, 1),
	(41295, 331, '2019-09-06', 1, 2, 1, 1),
	(41296, 332, '2019-09-06', 1, 3, 1, 1),
	(41297, 333, '2019-09-06', 12, NULL, 1, 1),
	(41298, 334, '2019-09-06', 1, 3, 1, 1),
	(41299, 335, '2019-09-06', 1, 4, 1, 1),
	(41300, 336, '2019-09-06', 11, NULL, 1, 1),
	(41301, 337, '2019-09-06', 1, 4, 1, 1),
	(41302, 338, '2019-09-06', 1, 4, 1, 1),
	(41303, 339, '2019-09-06', 8, 3, 1, 1),
	(41304, 340, '2019-09-06', 1, 4, 1, 1),
	(41305, 341, '2019-09-06', 1, 4, 1, 1),
	(41306, 343, '2019-09-06', 8, 3, 1, 1),
	(41307, 344, '2019-09-06', 7, NULL, 1, 1),
	(41308, 346, '2019-09-06', 1, 4, 1, 1),
	(41309, 347, '2019-09-06', 8, 4, 1, 1),
	(41310, 348, '2019-09-06', 1, 3, 1, 1),
	(41311, 349, '2019-09-06', 1, 3, 1, 1),
	(41418, 300, '2019-09-09', 4, NULL, 1, 1),
	(41419, 303, '2019-09-09', 1, 4, 1, 1),
	(41420, 305, '2019-09-09', 8, 3, 1, 1),
	(41421, 306, '2019-09-09', 1, 4, 1, 1),
	(41422, 307, '2019-09-09', 1, 4, 1, 1),
	(41423, 308, '2019-09-09', 1, 4, 1, 1),
	(41424, 309, '2019-09-09', 1, 4, 1, 1),
	(41425, 310, '2019-09-09', 1, 4, 1, 1),
	(41426, 311, '2019-09-09', 4, NULL, 1, 1),
	(41428, 313, '2019-09-09', 1, 4, 1, 1),
	(41429, 314, '2019-09-09', 4, NULL, 1, 1),
	(41430, 315, '2019-09-09', 11, NULL, 1, 1),
	(41431, 316, '2019-09-09', 1, 3, 1, 1),
	(41432, 318, '2019-09-09', 1, 3, 1, 1),
	(41433, 319, '2019-09-09', 1, 5, 1, 1),
	(41434, 320, '2019-09-09', 1, 3, 1, 1),
	(41435, 322, '2019-09-09', 1, 5, 1, 1),
	(41436, 323, '2019-09-09', 1, 3, 1, 1),
	(41437, 324, '2019-09-09', 11, NULL, 1, 1),
	(41438, 326, '2019-09-09', 1, 4, 1, 1),
	(41439, 327, '2019-09-09', 11, NULL, 1, 1),
	(41440, 328, '2019-09-09', 1, 2, 1, 1),
	(41441, 329, '2019-09-09', 1, 4, 1, 1),
	(41442, 330, '2019-09-09', 1, 4, 1, 1),
	(41443, 331, '2019-09-09', 1, 3, 1, 1),
	(41444, 332, '2019-09-09', 1, 3, 1, 1),
	(41445, 333, '2019-09-09', 12, NULL, 1, 1),
	(41446, 334, '2019-09-09', 1, 3, 1, 1),
	(41447, 335, '2019-09-09', 1, 4, 1, 1),
	(41448, 336, '2019-09-09', 1, 4, 1, 1),
	(41449, 337, '2019-09-09', 1, 3, 1, 1),
	(41450, 338, '2019-09-09', 1, 3, 1, 1),
	(41451, 339, '2019-09-09', 4, NULL, 1, 1),
	(41452, 340, '2019-09-09', 1, 4, 1, 1),
	(41453, 341, '2019-09-09', 1, 3, 1, 1),
	(41454, 343, '2019-09-09', 8, 3, 1, 1),
	(41455, 344, '2019-09-09', 8, 4, 1, 1),
	(41456, 346, '2019-09-09', 1, 4, 1, 1),
	(41457, 347, '2019-09-09', 1, 2, 1, 1),
	(41458, 348, '2019-09-09', 1, 3, 1, 1),
	(41459, 349, '2019-09-09', 1, 3, 1, 1),
	(41663, 303, '2019-09-09', 6, NULL, 2, 1),
	(41694, 300, '2019-09-10', 8, 2, 1, 1),
	(41695, 303, '2019-09-10', 1, 4, 1, 1),
	(41696, 305, '2019-09-10', 1, 3, 1, 1),
	(41697, 306, '2019-09-10', 8, 3, 1, 1),
	(41698, 307, '2019-09-10', 1, 4, 1, 1),
	(41699, 308, '2019-09-10', 5, NULL, 1, 1),
	(41700, 309, '2019-09-10', 1, 4, 1, 1),
	(41701, 310, '2019-09-10', 1, 3, 1, 1),
	(41702, 311, '2019-09-10', 4, NULL, 1, 1),
	(41704, 313, '2019-09-10', 1, 3, 1, 1),
	(41705, 314, '2019-09-10', 4, NULL, 1, 1),
	(41706, 315, '2019-09-10', 11, NULL, 1, 1),
	(41707, 316, '2019-09-10', 1, 1, 1, 1),
	(41708, 318, '2019-09-10', 8, 2, 1, 1),
	(41709, 319, '2019-09-10', 1, 3, 1, 1),
	(41710, 320, '2019-09-10', 1, 4, 1, 1),
	(41711, 322, '2019-09-10', 1, 5, 1, 1),
	(41712, 323, '2019-09-10', 1, 4, 1, 1),
	(41713, 324, '2019-09-10', 11, NULL, 1, 1),
	(41714, 326, '2019-09-10', 1, 3, 1, 1),
	(41715, 327, '2019-09-10', 11, NULL, 1, 1),
	(41716, 328, '2019-09-10', 4, NULL, 1, 1),
	(41717, 329, '2019-09-10', 1, 4, 1, 1),
	(41718, 330, '2019-09-10', 1, 4, 1, 1),
	(41719, 331, '2019-09-10', 1, 4, 1, 1),
	(41720, 332, '2019-09-10', 1, 5, 1, 1),
	(41721, 333, '2019-09-10', 1, 3, 1, 1),
	(41722, 334, '2019-09-10', 1, 4, 1, 1),
	(41723, 335, '2019-09-10', 1, 3, 1, 1),
	(41724, 336, '2019-09-10', 1, 3, 1, 1),
	(41725, 337, '2019-09-10', 1, 4, 1, 1),
	(41726, 338, '2019-09-10', 1, 3, 1, 1),
	(41727, 339, '2019-09-10', 8, 3, 1, 1),
	(41728, 340, '2019-09-10', 1, 3, 1, 1),
	(41729, 341, '2019-09-10', 11, NULL, 1, 1),
	(41730, 343, '2019-09-10', 8, 3, 1, 1),
	(41731, 344, '2019-09-10', 8, 4, 1, 1),
	(41732, 346, '2019-09-10', 1, 4, 1, 1),
	(41733, 347, '2019-09-10', 8, 2, 1, 1),
	(41734, 348, '2019-09-10', 1, 4, 1, 1),
	(41735, 349, '2019-09-10', 1, 4, 1, 1),
	(41938, 303, '2019-09-10', 6, NULL, 2, 1),
	(41970, 300, '2019-09-11', 1, 1, 1, 1),
	(41971, 303, '2019-09-11', 1, 3, 1, 1),
	(41972, 305, '2019-09-11', 1, 3, 1, 1),
	(41973, 306, '2019-09-11', 1, 1, 1, 1),
	(41974, 307, '2019-09-11', 1, 4, 1, 1),
	(41975, 308, '2019-09-11', 1, 3, 1, 1),
	(41976, 309, '2019-09-11', 1, 4, 1, 1),
	(41977, 310, '2019-09-11', 4, NULL, 1, 1),
	(41978, 311, '2019-09-11', 4, NULL, 1, 1),
	(41980, 313, '2019-09-11', 1, 4, 1, 1),
	(41981, 314, '2019-09-11', 4, NULL, 1, 1),
	(41982, 315, '2019-09-11', 11, NULL, 1, 1),
	(41983, 316, '2019-09-11', 1, 3, 1, 1),
	(41984, 318, '2019-09-11', 1, 4, 1, 1),
	(41985, 319, '2019-09-11', 1, 4, 1, 1),
	(41986, 320, '2019-09-11', 1, 4, 1, 1),
	(41987, 322, '2019-09-11', 1, 3, 1, 1),
	(41988, 323, '2019-09-11', 4, NULL, 1, 1),
	(41989, 324, '2019-09-11', 11, NULL, 1, 1),
	(41990, 326, '2019-09-11', 7, NULL, 1, 1),
	(41991, 327, '2019-09-11', 11, NULL, 1, 1),
	(41992, 328, '2019-09-11', 4, NULL, 1, 1),
	(41993, 329, '2019-09-11', 7, NULL, 1, 1),
	(41994, 330, '2019-09-11', 1, 3, 1, 1),
	(41995, 331, '2019-09-11', 8, 4, 1, 1),
	(41996, 332, '2019-09-11', 1, 2, 1, 1),
	(41997, 333, '2019-09-11', 1, 4, 1, 1),
	(41998, 334, '2019-09-11', 1, 5, 1, 1),
	(41999, 335, '2019-09-11', 1, 4, 1, 1),
	(42000, 336, '2019-09-11', 7, NULL, 1, 1),
	(42001, 337, '2019-09-11', 7, NULL, 1, 1),
	(42002, 338, '2019-09-11', 7, NULL, 1, 1),
	(42003, 339, '2019-09-11', 8, 3, 1, 1),
	(42004, 340, '2019-09-11', 1, 3, 1, 1),
	(42005, 341, '2019-09-11', 11, NULL, 1, 1),
	(42006, 343, '2019-09-11', 7, 3, 1, 1),
	(42007, 344, '2019-09-11', 7, NULL, 1, 1),
	(42008, 346, '2019-09-11', 1, 3, 1, 1),
	(42009, 347, '2019-09-11', 7, 4, 1, 1),
	(42010, 348, '2019-09-11', 1, 4, 1, 1),
	(42011, 349, '2019-09-11', 8, 3, 1, 1),
	(42229, 300, '2019-09-12', 8, 2, 1, 1),
	(42230, 303, '2019-09-12', 1, 2, 1, 1),
	(42231, 305, '2019-09-12', 1, 4, 1, 1),
	(42232, 306, '2019-09-12', 1, 3, 1, 1),
	(42233, 307, '2019-09-12', 1, 3, 1, 1),
	(42234, 308, '2019-09-12', 1, 4, 1, 1),
	(42235, 309, '2019-09-12', 8, 4, 1, 1),
	(42236, 310, '2019-09-12', 8, 4, 1, 1),
	(42237, 311, '2019-09-12', 4, NULL, 1, 1),
	(42238, 312, '2019-09-12', 12, NULL, 1, 1),
	(42239, 313, '2019-09-12', 1, 3, 1, 1),
	(42240, 314, '2019-09-12', 4, NULL, 1, 1),
	(42241, 315, '2019-09-12', 11, NULL, 1, 1),
	(42242, 316, '2019-09-12', 1, 3, 1, 1),
	(42243, 318, '2019-09-12', 1, 4, 1, 1),
	(42244, 319, '2019-09-12', 1, 5, 1, 1),
	(42245, 320, '2019-09-12', 1, 4, 1, 1),
	(42246, 322, '2019-09-12', 1, 4, 1, 1),
	(42247, 323, '2019-09-12', 5, NULL, 1, 1),
	(42248, 324, '2019-09-12', 12, NULL, 1, 1),
	(42249, 326, '2019-09-12', 1, 4, 1, 1),
	(42250, 327, '2019-09-12', 11, NULL, 1, 1),
	(42251, 328, '2019-09-12', 8, 2, 1, 1),
	(42252, 329, '2019-09-12', 1, 4, 1, 1),
	(42253, 330, '2019-09-12', 1, 3, 1, 1),
	(42254, 331, '2019-09-12', 1, 2, 1, 1),
	(42255, 332, '2019-09-12', 1, 3, 1, 1),
	(42256, 333, '2019-09-12', 1, 3, 1, 1),
	(42257, 334, '2019-09-12', 1, 4, 1, 1),
	(42258, 335, '2019-09-12', 1, 2, 1, 1),
	(42259, 336, '2019-09-12', 1, 4, 1, 1),
	(42260, 337, '2019-09-12', 1, 2, 1, 1),
	(42261, 338, '2019-09-12', 1, 3, 1, 1),
	(42262, 339, '2019-09-12', 8, 3, 1, 1),
	(42263, 340, '2019-09-12', 1, 4, 1, 1),
	(42264, 341, '2019-09-12', 11, NULL, 1, 1),
	(42265, 343, '2019-09-12', 1, 2, 1, 1),
	(42266, 344, '2019-09-12', 8, 4, 1, 1),
	(42267, 346, '2019-09-12', 1, 4, 1, 1),
	(42268, 347, '2019-09-12', 5, NULL, 1, 1),
	(42269, 348, '2019-09-12', 1, 4, 1, 1),
	(42270, 349, '2019-09-12', 5, NULL, 1, 1),
	(42472, 303, '2019-09-12', 1, 4, 2, 1),
	(42505, 300, '2019-09-13', 9, NULL, 1, 1),
	(42506, 303, '2019-09-13', 1, 4, 1, 1),
	(42507, 305, '2019-09-13', 8, 3, 1, 1),
	(42508, 306, '2019-09-13', 1, 3, 1, 1),
	(42509, 307, '2019-09-13', 11, NULL, 1, 1),
	(42510, 308, '2019-09-13', 1, 4, 1, 1),
	(42511, 309, '2019-09-13', 8, 4, 1, 1),
	(42512, 310, '2019-09-13', 4, NULL, 1, 1),
	(42513, 311, '2019-09-13', 4, NULL, 1, 1),
	(42514, 312, '2019-09-13', 12, NULL, 1, 1),
	(42515, 313, '2019-09-13', 1, 3, 1, 1),
	(42516, 314, '2019-09-13', 4, NULL, 1, 1),
	(42517, 315, '2019-09-13', 11, NULL, 1, 1),
	(42518, 316, '2019-09-13', 8, 3, 1, 1),
	(42519, 318, '2019-09-13', 8, 4, 1, 1),
	(42520, 319, '2019-09-13', 8, 4, 1, 1),
	(42521, 320, '2019-09-13', 1, 1, 1, 1),
	(42522, 322, '2019-09-13', 1, 4, 1, 1),
	(42523, 323, '2019-09-13', 5, NULL, 1, 1),
	(42524, 324, '2019-09-13', 12, NULL, 1, 1),
	(42525, 326, '2019-09-13', 1, 4, 1, 1),
	(42526, 327, '2019-09-13', 11, NULL, 1, 1),
	(42527, 328, '2019-09-13', 8, 2, 1, 1),
	(42528, 329, '2019-09-13', 1, 3, 1, 1),
	(42529, 330, '2019-09-13', 1, 3, 1, 1),
	(42530, 331, '2019-09-13', 1, 3, 1, 1),
	(42531, 332, '2019-09-13', 8, 4, 1, 1),
	(42532, 333, '2019-09-13', 11, NULL, 1, 1),
	(42533, 334, '2019-09-13', 1, 4, 1, 1),
	(42534, 335, '2019-09-13', 1, 3, 1, 1),
	(42535, 336, '2019-09-13', 1, 4, 1, 1),
	(42536, 337, '2019-09-13', 1, 4, 1, 1),
	(42537, 338, '2019-09-13', 1, 4, 1, 1),
	(42538, 339, '2019-09-13', 1, 3, 1, 1),
	(42539, 340, '2019-09-13', 8, 3, 1, 1),
	(42540, 341, '2019-09-13', 11, NULL, 1, 1),
	(42541, 343, '2019-09-13', 8, 3, 1, 1),
	(42542, 344, '2019-09-13', 1, 4, 1, 1),
	(42543, 346, '2019-09-13', 8, 4, 1, 1),
	(42544, 347, '2019-09-13', 8, 3, 1, 1),
	(42545, 348, '2019-09-13', 1, 3, 1, 1),
	(42546, 349, '2019-09-13', 8, 3, 1, 1),
	(42749, 303, '2019-09-13', 7, NULL, 2, 1),
	(42781, 300, '2019-09-16', 1, 4, 1, 1),
	(42782, 303, '2019-09-16', 1, 3, 1, 1),
	(42783, 305, '2019-09-16', 1, 3, 1, 1),
	(42784, 306, '2019-09-16', 5, NULL, 1, 1),
	(42785, 307, '2019-09-16', 1, 4, 1, 1),
	(42786, 308, '2019-09-16', 1, 3, 1, 1),
	(42787, 309, '2019-09-16', 1, 4, 1, 1),
	(42788, 310, '2019-09-16', 1, 4, 1, 1),
	(42789, 311, '2019-09-16', 4, NULL, 1, 1),
	(42790, 312, '2019-09-16', 12, NULL, 1, 1),
	(42791, 313, '2019-09-16', 1, 2, 1, 1),
	(42792, 314, '2019-09-16', 4, NULL, 1, 1),
	(42793, 315, '2019-09-16', 12, NULL, 1, 1),
	(42794, 316, '2019-09-16', 1, 3, 1, 1),
	(42795, 318, '2019-09-16', 1, 3, 1, 1),
	(42796, 319, '2019-09-16', 1, 4, 1, 1),
	(42797, 320, '2019-09-16', 8, 3, 1, 1),
	(42798, 322, '2019-09-16', 1, 5, 1, 1),
	(42799, 323, '2019-09-16', 8, 2, 1, 1),
	(42800, 324, '2019-09-16', 12, NULL, 1, 1),
	(42801, 326, '2019-09-16', 1, 3, 1, 1),
	(42802, 327, '2019-09-16', 11, NULL, 1, 1),
	(42803, 328, '2019-09-16', 8, 2, 1, 1),
	(42804, 329, '2019-09-16', 1, 5, 1, 1),
	(42805, 330, '2019-09-16', 1, 4, 1, 1),
	(42807, 332, '2019-09-16', 1, 3, 1, 1),
	(42808, 333, '2019-09-16', 8, 2, 1, 1),
	(42809, 334, '2019-09-16', 1, 4, 1, 1),
	(42810, 335, '2019-09-16', 1, 4, 1, 1),
	(42811, 336, '2019-09-16', 1, 4, 1, 1),
	(42812, 337, '2019-09-16', 1, 4, 1, 1),
	(42813, 338, '2019-09-16', 1, 4, 1, 1),
	(42814, 339, '2019-09-16', 8, 2, 1, 1),
	(42815, 340, '2019-09-16', 1, 3, 1, 1),
	(42816, 341, '2019-09-16', 1, 4, 1, 1),
	(42817, 343, '2019-09-16', 1, 3, 1, 1),
	(42818, 344, '2019-09-16', 1, 4, 1, 1),
	(42819, 346, '2019-09-16', 1, 4, 1, 1),
	(42820, 347, '2019-09-16', 1, 4, 1, 1),
	(42821, 348, '2019-09-16', 1, 4, 1, 1),
	(42822, 349, '2019-09-16', 1, 3, 1, 1),
	(43057, 300, '2019-09-17', 8, 3, 1, 1),
	(43058, 303, '2019-09-17', 1, 4, 1, 1),
	(43059, 305, '2019-09-17', 8, 2, 1, 1),
	(43060, 306, '2019-09-17', 1, 5, 1, 1),
	(43061, 307, '2019-09-17', 1, 4, 1, 1),
	(43062, 308, '2019-09-17', 1, 5, 1, 1),
	(43063, 309, '2019-09-17', 8, 4, 1, 1),
	(43064, 310, '2019-09-17', 1, 4, 1, 1),
	(43065, 311, '2019-09-17', 4, NULL, 1, 1),
	(43066, 312, '2019-09-17', 12, NULL, 1, 1),
	(43067, 313, '2019-09-17', 1, 4, 1, 1),
	(43068, 314, '2019-09-17', 4, NULL, 1, 1),
	(43069, 315, '2019-09-17', 12, NULL, 1, 1),
	(43070, 316, '2019-09-17', 1, 2, 1, 1),
	(43071, 318, '2019-09-17', 8, 4, 1, 1),
	(43072, 319, '2019-09-17', 1, 2, 1, 1),
	(43073, 320, '2019-09-17', 1, 2, 1, 1),
	(43074, 322, '2019-09-17', 1, 5, 1, 1),
	(43075, 323, '2019-09-17', 1, 4, 1, 1),
	(43076, 324, '2019-09-17', 8, 5, 1, 1),
	(43077, 326, '2019-09-17', 1, 4, 1, 1),
	(43078, 327, '2019-09-17', 11, NULL, 1, 1),
	(43079, 328, '2019-09-17', 8, 4, 1, 1),
	(43080, 329, '2019-09-17', 1, 4, 1, 1),
	(43081, 330, '2019-09-17', 1, 4, 1, 1),
	(43082, 331, '2019-09-17', 1, 4, 1, 1),
	(43083, 332, '2019-09-17', 1, 3, 1, 1),
	(43084, 333, '2019-09-17', 1, 3, 1, 1),
	(43085, 334, '2019-09-17', 1, 2, 1, 1),
	(43086, 335, '2019-09-17', 1, 4, 1, 1),
	(43087, 336, '2019-09-17', 1, 4, 1, 1),
	(43088, 337, '2019-09-17', 1, 4, 1, 1),
	(43089, 338, '2019-09-17', 1, 3, 1, 1),
	(43090, 339, '2019-09-17', 1, 2, 1, 1),
	(43091, 340, '2019-09-17', 8, 3, 1, 1),
	(43092, 341, '2019-09-17', 1, 4, 1, 1),
	(43093, 343, '2019-09-17', 1, 4, 1, 1),
	(43094, 344, '2019-09-17', 8, 4, 1, 1),
	(43095, 346, '2019-09-17', 1, 3, 1, 1),
	(43096, 347, '2019-09-17', 8, 4, 1, 1),
	(43097, 348, '2019-09-17', 1, 4, 1, 1),
	(43098, 349, '2019-09-17', 1, 4, 1, 1),
	(43333, 300, '2019-09-18', 8, 3, 1, 1),
	(43334, 303, '2019-09-18', 1, 3, 1, 1),
	(43335, 305, '2019-09-18', 8, 4, 1, 1),
	(43336, 306, '2019-09-18', 1, 5, 1, 1),
	(43337, 307, '2019-09-18', 1, 3, 1, 1),
	(43338, 308, '2019-09-18', 1, 4, 1, 1),
	(43339, 309, '2019-09-18', 1, 3, 1, 1),
	(43340, 310, '2019-09-18', 4, NULL, 1, 1),
	(43341, 311, '2019-09-18', 4, NULL, 1, 1),
	(43342, 312, '2019-09-18', 12, NULL, 1, 1),
	(43343, 313, '2019-09-18', 1, 3, 1, 1),
	(43344, 314, '2019-09-18', 4, NULL, 1, 1),
	(43345, 315, '2019-09-18', 1, 5, 1, 1),
	(43346, 316, '2019-09-18', 1, 3, 1, 1),
	(43347, 318, '2019-09-18', 8, 3, 1, 1),
	(43348, 319, '2019-09-18', 1, 3, 1, 1),
	(43349, 320, '2019-09-18', 1, 3, 1, 1),
	(43350, 322, '2019-09-18', 1, 5, 1, 1),
	(43351, 323, '2019-09-18', 8, 3, 1, 1),
	(43352, 324, '2019-09-18', 1, 4, 1, 1),
	(43353, 326, '2019-09-18', 1, 4, 1, 1),
	(43354, 327, '2019-09-18', 11, NULL, 1, 1),
	(43355, 328, '2019-09-18', 1, 2, 1, 1),
	(43356, 329, '2019-09-18', 1, 4, 1, 1),
	(43357, 330, '2019-09-18', 1, 4, 1, 1),
	(43358, 331, '2019-09-18', 1, 3, 1, 1),
	(43359, 332, '2019-09-18', 1, 4, 1, 1),
	(43360, 333, '2019-09-18', 1, 4, 1, 1),
	(43361, 334, '2019-09-18', 1, 5, 1, 1),
	(43362, 335, '2019-09-18', 1, 4, 1, 1),
	(43363, 336, '2019-09-18', 11, NULL, 1, 1),
	(43364, 337, '2019-09-18', 1, 5, 1, 1),
	(43365, 338, '2019-09-18', 3, NULL, 1, 1),
	(43366, 339, '2019-09-18', 1, 2, 1, 1),
	(43367, 340, '2019-09-18', 1, 4, 1, 1),
	(43368, 341, '2019-09-18', 1, 4, 1, 1),
	(43369, 343, '2019-09-18', 1, 4, 1, 1),
	(43370, 344, '2019-09-18', 1, 4, 1, 1),
	(43371, 346, '2019-09-18', 1, 3, 1, 1),
	(43372, 347, '2019-09-18', 4, NULL, 1, 1),
	(43373, 348, '2019-09-18', 1, 4, 1, 1),
	(43374, 349, '2019-09-18', 1, 3, 1, 1),
	(43594, 300, '2019-09-19', 8, 3, 1, 1),
	(43595, 303, '2019-09-19', 1, 4, 1, 1),
	(43596, 305, '2019-09-19', 8, 3, 1, 1),
	(43597, 306, '2019-09-19', 1, 3, 1, 1),
	(43598, 307, '2019-09-19', 1, 4, 1, 1),
	(43599, 308, '2019-09-19', 1, 4, 1, 1),
	(43600, 309, '2019-09-19', 1, 4, 1, 1),
	(43601, 310, '2019-09-19', 4, NULL, 1, 1),
	(43602, 311, '2019-09-19', 4, NULL, 1, 1),
	(43603, 312, '2019-09-19', 12, NULL, 1, 1),
	(43604, 313, '2019-09-19', 1, 3, 1, 1),
	(43605, 314, '2019-09-19', 4, NULL, 1, 1),
	(43606, 315, '2019-09-19', 1, 4, 1, 1),
	(43607, 316, '2019-09-19', 1, 3, 1, 1),
	(43608, 318, '2019-09-19', 1, 4, 1, 1),
	(43609, 319, '2019-09-19', 1, 4, 1, 1),
	(43610, 320, '2019-09-19', 1, 3, 1, 1),
	(43611, 322, '2019-09-19', 1, 4, 1, 1),
	(43612, 323, '2019-09-19', 1, 3, 1, 1),
	(43613, 324, '2019-09-19', 1, 4, 1, 1),
	(43614, 326, '2019-09-19', 1, 4, 1, 1),
	(43615, 327, '2019-09-19', 11, NULL, 1, 1),
	(43616, 328, '2019-09-19', 8, 2, 1, 1),
	(43617, 329, '2019-09-19', 1, 3, 1, 1),
	(43618, 330, '2019-09-19', 1, 4, 1, 1),
	(43619, 331, '2019-09-19', 1, 3, 1, 1),
	(43620, 332, '2019-09-19', 1, 4, 1, 1),
	(43621, 333, '2019-09-19', 1, 4, 1, 1),
	(43622, 334, '2019-09-19', 1, 3, 1, 1),
	(43623, 335, '2019-09-19', 1, 3, 1, 1),
	(43624, 336, '2019-09-19', 11, NULL, 1, 1),
	(43625, 337, '2019-09-19', 8, 4, 1, 1),
	(43626, 338, '2019-09-19', 1, 3, 1, 1),
	(43627, 339, '2019-09-19', 1, 3, 1, 1),
	(43628, 340, '2019-09-19', 1, 3, 1, 1),
	(43629, 341, '2019-09-19', 1, 3, 1, 1),
	(43630, 343, '2019-09-19', 1, 3, 1, 1),
	(43631, 344, '2019-09-19', 1, 4, 1, 1),
	(43632, 346, '2019-09-19', 1, 3, 1, 1),
	(43633, 347, '2019-09-19', 8, 3, 1, 1),
	(43634, 348, '2019-09-19', 1, 4, 1, 1),
	(43635, 349, '2019-09-19', 1, 3, 1, 1),
	(43870, 300, '2019-09-20', 5, NULL, 1, 1),
	(43871, 303, '2019-09-20', 1, 3, 1, 1),
	(43872, 305, '2019-09-20', 8, 2, 1, 1),
	(43873, 306, '2019-09-20', 8, 2, 1, 1),
	(43874, 307, '2019-09-20', 11, NULL, 1, 1),
	(43875, 308, '2019-09-20', 11, NULL, 1, 1),
	(43876, 309, '2019-09-20', 1, 5, 1, 1),
	(43877, 310, '2019-09-20', 4, NULL, 1, 1),
	(43878, 311, '2019-09-20', 4, NULL, 1, 1),
	(43879, 312, '2019-09-20', 12, NULL, 1, 1),
	(43880, 313, '2019-09-20', 11, NULL, 1, 1),
	(43881, 314, '2019-09-20', 4, NULL, 1, 1),
	(43882, 315, '2019-09-20', 1, 4, 1, 1),
	(43883, 316, '2019-09-20', 1, 2, 1, 1),
	(43884, 318, '2019-09-20', 1, 5, 1, 1),
	(43885, 319, '2019-09-20', 1, 5, 1, 1),
	(43886, 320, '2019-09-20', 8, 1, 1, 1),
	(43887, 322, '2019-09-20', 1, 5, 1, 1),
	(43888, 323, '2019-09-20', 1, 3, 1, 1),
	(43889, 324, '2019-09-20', 1, 4, 1, 1),
	(43890, 326, '2019-09-20', 1, 4, 1, 1),
	(43891, 327, '2019-09-20', 11, NULL, 1, 1),
	(43892, 328, '2019-09-20', 8, 3, 1, 1),
	(43893, 329, '2019-09-20', 5, NULL, 1, 1),
	(43894, 330, '2019-09-20', 1, 4, 1, 1),
	(43895, 331, '2019-09-20', 11, NULL, 1, 1),
	(43896, 332, '2019-09-20', 1, 4, 1, 1),
	(43897, 333, '2019-09-20', 11, NULL, 1, 1),
	(43898, 334, '2019-09-20', 1, 5, 1, 1),
	(43899, 335, '2019-09-20', 1, 4, 1, 1),
	(43900, 336, '2019-09-20', 4, NULL, 1, 1),
	(43901, 337, '2019-09-20', 12, NULL, 1, 1),
	(43902, 338, '2019-09-20', 1, 4, 1, 1),
	(43903, 339, '2019-09-20', 1, 3, 1, 1),
	(43904, 340, '2019-09-20', 1, 3, 1, 1),
	(43905, 341, '2019-09-20', 1, 4, 1, 1),
	(43906, 343, '2019-09-20', 1, 3, 1, 1),
	(43907, 344, '2019-09-20', 8, 4, 1, 1),
	(43908, 346, '2019-09-20', 6, NULL, 1, 1),
	(43909, 347, '2019-09-20', 8, 2, 1, 1),
	(43910, 348, '2019-09-20', 1, 4, 1, 1),
	(43911, 349, '2019-09-20', 1, 3, 1, 1),
	(44146, 300, '2019-09-23', 5, NULL, 1, 1),
	(44147, 303, '2019-09-23', 11, NULL, 1, 1),
	(44148, 305, '2019-09-23', 8, 2, 1, 1),
	(44149, 306, '2019-09-23', 8, 3, 1, 1),
	(44150, 307, '2019-09-23', 11, NULL, 1, 1),
	(44151, 308, '2019-09-23', 11, NULL, 1, 1),
	(44152, 309, '2019-09-23', 8, 4, 1, 1),
	(44153, 310, '2019-09-23', 4, NULL, 1, 1),
	(44154, 311, '2019-09-23', 4, NULL, 1, 1),
	(44155, 312, '2019-09-23', 12, NULL, 1, 1),
	(44156, 313, '2019-09-23', 11, NULL, 1, 1),
	(44157, 314, '2019-09-23', 4, NULL, 1, 1),
	(44158, 315, '2019-09-23', 8, 4, 1, 1),
	(44159, 316, '2019-09-23', 1, 3, 1, 1),
	(44160, 318, '2019-09-23', 8, 4, 1, 1),
	(44161, 319, '2019-09-23', 8, 4, 1, 1),
	(44162, 320, '2019-09-23', 8, 3, 1, 1),
	(44163, 322, '2019-09-23', 1, 2, 1, 1),
	(44164, 323, '2019-09-23', 4, NULL, 1, 1),
	(44165, 324, '2019-09-23', 1, 4, 1, 1),
	(44166, 326, '2019-09-23', 1, 3, 1, 1),
	(44167, 327, '2019-09-23', 11, NULL, 1, 1),
	(44168, 328, '2019-09-23', 8, 4, 1, 1),
	(44169, 329, '2019-09-23', 1, 4, 1, 1),
	(44170, 330, '2019-09-23', 5, NULL, 1, 1),
	(44171, 331, '2019-09-23', 11, NULL, 1, 1),
	(44172, 332, '2019-09-23', 8, 4, 1, 1),
	(44173, 333, '2019-09-23', 4, NULL, 1, 1),
	(44174, 334, '2019-09-23', 1, 5, 1, 1),
	(44175, 335, '2019-09-23', 1, 4, 1, 1),
	(44176, 336, '2019-09-23', 4, NULL, 1, 1),
	(44177, 337, '2019-09-23', 1, 4, 1, 1),
	(44178, 338, '2019-09-23', 1, 3, 1, 1),
	(44179, 339, '2019-09-23', 4, NULL, 1, 1),
	(44180, 340, '2019-09-23', 1, 4, 1, 1),
	(44181, 341, '2019-09-23', 1, 4, 1, 1),
	(44182, 343, '2019-09-23', 1, 4, 1, 1),
	(44183, 344, '2019-09-23', 8, 4, 1, 1),
	(44184, 346, '2019-09-23', 1, 4, 1, 1),
	(44185, 347, '2019-09-23', 1, 3, 1, 1),
	(44186, 348, '2019-09-23', 1, 3, 1, 1),
	(44187, 349, '2019-09-23', 4, NULL, 1, 1),
	(44389, 303, '2019-09-23', 11, NULL, 2, 1),
	(44422, 300, '2019-09-24', 3, NULL, 1, 1),
	(44423, 303, '2019-09-24', 11, NULL, 1, 1),
	(44424, 305, '2019-09-24', 8, 1, 1, 1),
	(44425, 306, '2019-09-24', 1, 4, 1, 1),
	(44426, 307, '2019-09-24', 11, NULL, 1, 1),
	(44427, 308, '2019-09-24', 11, NULL, 1, 1),
	(44428, 309, '2019-09-24', 8, 4, 1, 1),
	(44429, 310, '2019-09-24', 4, NULL, 1, 1),
	(44430, 311, '2019-09-24', 4, NULL, 1, 1),
	(44431, 313, '2019-09-24', 11, NULL, 1, 1),
	(44432, 314, '2019-09-24', 4, NULL, 1, 1),
	(44433, 315, '2019-09-24', 1, 5, 1, 1),
	(44434, 316, '2019-09-24', 1, 2, 1, 1),
	(44435, 318, '2019-09-24', 1, 5, 1, 1),
	(44436, 319, '2019-09-24', 1, 3, 1, 1),
	(44437, 320, '2019-09-24', 8, 4, 1, 1),
	(44438, 322, '2019-09-24', 1, 4, 1, 1),
	(44439, 323, '2019-09-24', 4, NULL, 1, 1),
	(44440, 324, '2019-09-24', 1, 3, 1, 1),
	(44441, 326, '2019-09-24', 1, 3, 1, 1),
	(44442, 327, '2019-09-24', 7, NULL, 1, 1),
	(44443, 328, '2019-09-24', 8, 4, 1, 1),
	(44444, 329, '2019-09-24', 1, 4, 1, 1),
	(44445, 330, '2019-09-24', 5, NULL, 1, 1),
	(44446, 331, '2019-09-24', 11, NULL, 1, 1),
	(44447, 332, '2019-09-24', 1, 3, 1, 1),
	(44448, 333, '2019-09-24', 5, NULL, 1, 1),
	(44449, 334, '2019-09-24', 1, 3, 1, 1),
	(44450, 335, '2019-09-24', 1, 3, 1, 1),
	(44451, 336, '2019-09-24', 4, NULL, 1, 1),
	(44452, 337, '2019-09-24', 1, 4, 1, 1),
	(44453, 338, '2019-09-24', 1, 4, 1, 1),
	(44454, 339, '2019-09-24', 8, 3, 1, 1),
	(44455, 340, '2019-09-24', 1, 3, 1, 1),
	(44456, 341, '2019-09-24', 1, 2, 1, 1),
	(44457, 343, '2019-09-24', 1, 3, 1, 1),
	(44458, 344, '2019-09-24', 5, NULL, 1, 1),
	(44459, 346, '2019-09-24', 1, 4, 1, 1),
	(44460, 347, '2019-09-24', 1, 3, 1, 1),
	(44461, 348, '2019-09-24', 1, 4, 1, 1),
	(44462, 349, '2019-09-24', 4, NULL, 1, 1),
	(44698, 300, '2019-09-25', 4, NULL, 1, 1),
	(44699, 303, '2019-09-25', 1, 4, 1, 1),
	(44700, 305, '2019-09-25', 4, NULL, 1, 1),
	(44701, 306, '2019-09-25', 11, NULL, 1, 1),
	(44702, 307, '2019-09-25', 11, NULL, 1, 1),
	(44703, 308, '2019-09-25', 1, 4, 1, 1),
	(44704, 309, '2019-09-25', 1, 4, 1, 1),
	(44705, 310, '2019-09-25', 4, NULL, 1, 1),
	(44706, 311, '2019-09-25', 4, NULL, 1, 1),
	(44707, 313, '2019-09-25', 11, NULL, 1, 1),
	(44708, 314, '2019-09-25', 4, NULL, 1, 1),
	(44709, 315, '2019-09-25', 1, 5, 1, 1),
	(44710, 316, '2019-09-25', 11, NULL, 1, 1),
	(44711, 318, '2019-09-25', 11, NULL, 1, 1),
	(44712, 319, '2019-09-25', 1, 4, 1, 1),
	(44713, 320, '2019-09-25', 1, 2, 1, 1),
	(44714, 322, '2019-09-25', 1, 4, 1, 1),
	(44715, 323, '2019-09-25', 4, NULL, 1, 1),
	(44716, 324, '2019-09-25', 1, 4, 1, 1),
	(44717, 326, '2019-09-25', 1, 4, 1, 1),
	(44718, 327, '2019-09-25', 1, 4, 1, 1),
	(44719, 328, '2019-09-25', 8, 3, 1, 1),
	(44720, 329, '2019-09-25', 1, 4, 1, 1),
	(44721, 330, '2019-09-25', 1, 4, 1, 1),
	(44722, 331, '2019-09-25', 11, NULL, 1, 1),
	(44723, 332, '2019-09-25', 1, 2, 1, 1),
	(44724, 333, '2019-09-25', 4, NULL, 1, 1),
	(44725, 334, '2019-09-25', 1, 5, 1, 1),
	(44726, 335, '2019-09-25', 1, 1, 1, 1),
	(44727, 336, '2019-09-25', 4, NULL, 1, 1),
	(44728, 337, '2019-09-25', 1, 4, 1, 1),
	(44729, 338, '2019-09-25', 1, 4, 1, 1),
	(44730, 339, '2019-09-25', 1, 3, 1, 1),
	(44731, 340, '2019-09-25', 1, 3, 1, 1),
	(44732, 341, '2019-09-25', 1, 3, 1, 1),
	(44733, 343, '2019-09-25', 8, 4, 1, 1),
	(44734, 344, '2019-09-25', 8, 4, 1, 1),
	(44735, 346, '2019-09-25', 1, 4, 1, 1),
	(44736, 347, '2019-09-25', 8, 3, 1, 1),
	(44737, 348, '2019-09-25', 1, 4, 1, 1),
	(44738, 349, '2019-09-25', 8, 3, 1, 1),
	(44957, 300, '2019-09-26', 4, NULL, 1, 1),
	(44958, 303, '2019-09-26', 1, 4, 1, 1),
	(44959, 305, '2019-09-26', 4, NULL, 1, 1),
	(44960, 306, '2019-09-26', 1, 2, 1, 1),
	(44961, 307, '2019-09-26', 11, NULL, 1, 1),
	(44962, 308, '2019-09-26', 1, 5, 1, 1),
	(44963, 309, '2019-09-26', 1, 3, 1, 1),
	(44964, 310, '2019-09-26', 4, NULL, 1, 1),
	(44965, 311, '2019-09-26', 4, NULL, 1, 1),
	(44966, 313, '2019-09-26', 11, NULL, 1, 1),
	(44967, 314, '2019-09-26', 4, NULL, 1, 1),
	(44968, 315, '2019-09-26', 8, 5, 1, 1),
	(44969, 316, '2019-09-26', 4, NULL, 1, 1),
	(44970, 318, '2019-09-26', 1, 3, 1, 1),
	(44971, 319, '2019-09-26', 1, 2, 1, 1),
	(44972, 320, '2019-09-26', 1, 2, 1, 1),
	(44973, 322, '2019-09-26', 1, 4, 1, 1),
	(44974, 323, '2019-09-26', 4, NULL, 1, 1),
	(44975, 324, '2019-09-26', 1, 4, 1, 1),
	(44976, 326, '2019-09-26', 8, 4, 1, 1),
	(44977, 327, '2019-09-26', 1, 4, 1, 1),
	(44978, 328, '2019-09-26', 8, 3, 1, 1),
	(44979, 329, '2019-09-26', 1, 4, 1, 1),
	(44980, 330, '2019-09-26', 1, 4, 1, 1),
	(44981, 331, '2019-09-26', 1, 3, 1, 1),
	(44982, 332, '2019-09-26', 1, 4, 1, 1),
	(44983, 333, '2019-09-26', 4, NULL, 1, 1),
	(44984, 334, '2019-09-26', 1, 4, 1, 1),
	(44985, 335, '2019-09-26', 1, 3, 1, 1),
	(44986, 336, '2019-09-26', 4, NULL, 1, 1),
	(44987, 337, '2019-09-26', 1, 4, 1, 1),
	(44988, 338, '2019-09-26', 1, 4, 1, 1),
	(44989, 339, '2019-09-26', 8, 3, 1, 1),
	(44990, 340, '2019-09-26', 1, 3, 1, 1),
	(44991, 341, '2019-09-26', 8, 4, 1, 1),
	(44992, 343, '2019-09-26', 8, 4, 1, 1),
	(44993, 344, '2019-09-26', 8, 4, 1, 1),
	(44994, 346, '2019-09-26', 1, 4, 1, 1),
	(44995, 347, '2019-09-26', 8, 1, 1, 1),
	(44996, 348, '2019-09-26', 1, 3, 1, 1),
	(44997, 349, '2019-09-26', 8, 3, 1, 1),
	(45105, 300, '2019-09-27', 3, NULL, 1, 1),
	(45106, 303, '2019-09-27', 1, 4, 1, 1),
	(45107, 305, '2019-09-27', 4, NULL, 1, 1),
	(45108, 306, '2019-09-27', 1, 3, 1, 1),
	(45109, 307, '2019-09-27', 11, NULL, 1, 1),
	(45110, 308, '2019-09-27', 1, 3, 1, 1),
	(45111, 309, '2019-09-27', 1, 4, 1, 1),
	(45112, 310, '2019-09-27', 4, NULL, 1, 1),
	(45113, 311, '2019-09-27', 4, NULL, 1, 1),
	(45114, 313, '2019-09-27', 11, NULL, 1, 1),
	(45115, 314, '2019-09-27', 4, NULL, 1, 1),
	(45116, 315, '2019-09-27', 1, 4, 1, 1),
	(45117, 316, '2019-09-27', 4, NULL, 1, 1),
	(45118, 318, '2019-09-27', 8, 4, 1, 1),
	(45119, 319, '2019-09-27', 1, 3, 1, 1),
	(45120, 320, '2019-09-27', 1, 4, 1, 1),
	(45121, 322, '2019-09-27', 1, 5, 1, 1),
	(45123, 324, '2019-09-27', 1, 4, 1, 1),
	(45124, 326, '2019-09-27', 1, 4, 1, 1),
	(45125, 327, '2019-09-27', 1, 4, 1, 1),
	(45126, 328, '2019-09-27', 1, 3, 1, 1),
	(45127, 329, '2019-09-27', 1, 3, 1, 1),
	(45128, 330, '2019-09-27', 1, 4, 1, 1),
	(45129, 331, '2019-09-27', 1, 4, 1, 1),
	(45130, 332, '2019-09-27', 1, 5, 1, 1),
	(45131, 333, '2019-09-27', 8, 3, 1, 1),
	(45132, 334, '2019-09-27', 1, 3, 1, 1),
	(45133, 335, '2019-09-27', 1, 1, 1, 1),
	(45134, 336, '2019-09-27', 8, 4, 1, 1),
	(45135, 337, '2019-09-27', 8, 4, 1, 1),
	(45136, 338, '2019-09-27', 1, 4, 1, 1),
	(45137, 339, '2019-09-27', 8, 2, 1, 1),
	(45138, 340, '2019-09-27', 1, 2, 1, 1),
	(45139, 341, '2019-09-27', 1, 4, 1, 1),
	(45140, 343, '2019-09-27', 1, 4, 1, 1),
	(45141, 344, '2019-09-27', 1, 4, 1, 1),
	(45142, 346, '2019-09-27', 1, 4, 1, 1),
	(45143, 347, '2019-09-27', 1, 2, 1, 1),
	(45144, 348, '2019-09-27', 1, 4, 1, 1),
	(45145, 349, '2019-09-27', 1, 2, 1, 1),
	(45253, 300, '2019-09-30', 1, 3, 1, 1),
	(45254, 303, '2019-09-30', 11, NULL, 1, 1),
	(45255, 305, '2019-09-30', 8, 2, 1, 1),
	(45256, 306, '2019-09-30', 12, NULL, 1, 1),
	(45257, 307, '2019-09-30', 11, NULL, 1, 1),
	(45258, 308, '2019-09-30', 11, NULL, 1, 1),
	(45259, 309, '2019-09-30', 1, 3, 1, 1),
	(45260, 310, '2019-09-30', 4, NULL, 1, 1),
	(45261, 311, '2019-09-30', 4, NULL, 1, 1),
	(45262, 313, '2019-09-30', 11, NULL, 1, 1),
	(45263, 314, '2019-09-30', 4, NULL, 1, 1),
	(45264, 315, '2019-09-30', 1, 5, 1, 1),
	(45265, 316, '2019-09-30', 5, NULL, 1, 1),
	(45266, 318, '2019-09-30', 1, 3, 1, 1),
	(45267, 319, '2019-09-30', 1, 4, 1, 1),
	(45268, 320, '2019-09-30', 1, 4, 1, 1),
	(45269, 322, '2019-09-30', 11, 4, 1, 1),
	(45270, 323, '2019-09-30', 4, NULL, 1, 1),
	(45271, 324, '2019-09-30', 1, 4, 1, 1),
	(45272, 326, '2019-09-30', 1, 4, 1, 1),
	(45273, 327, '2019-09-30', 1, 5, 1, 1),
	(45274, 328, '2019-09-30', 5, NULL, 1, 1),
	(45275, 329, '2019-09-30', 1, 4, 1, 1),
	(45276, 330, '2019-09-30', 1, 4, 1, 1),
	(45277, 331, '2019-09-30', 1, 4, 1, 1),
	(45278, 332, '2019-09-30', 1, 3, 1, 1),
	(45279, 333, '2019-09-30', 8, 4, 1, 1),
	(45280, 334, '2019-09-30', 1, 3, 1, 1),
	(45281, 335, '2019-09-30', 1, 4, 1, 1),
	(45282, 336, '2019-09-30', 8, 4, 1, 1),
	(45283, 337, '2019-09-30', 1, 4, 1, 1),
	(45284, 338, '2019-09-30', 1, 4, 1, 1),
	(45285, 339, '2019-09-30', 1, 3, 1, 1),
	(45286, 340, '2019-09-30', 1, 4, 1, 1),
	(45287, 341, '2019-09-30', 1, 4, 1, 1),
	(45288, 343, '2019-09-30', 5, NULL, 1, 1),
	(45289, 344, '2019-09-30', 8, 4, 1, 1),
	(45290, 346, '2019-09-30', 6, NULL, 1, 1),
	(45291, 347, '2019-09-30', 1, 3, 1, 1),
	(45292, 348, '2019-09-30', 1, 4, 1, 1),
	(45293, 349, '2019-09-30', 1, 4, 1, 1),
	(45366, 303, '2019-09-30', 11, NULL, 2, 1),
	(45402, 300, '2019-10-01', 1, 3, 1, 1),
	(45403, 303, '2019-10-01', 11, NULL, 1, 1),
	(45404, 305, '2019-10-01', 1, 3, 1, 1),
	(45405, 306, '2019-10-01', 12, NULL, 1, 1),
	(45406, 307, '2019-10-01', 1, 5, 1, 1),
	(45407, 308, '2019-10-01', 1, 4, 1, 1),
	(45408, 309, '2019-10-01', 1, 5, 1, 1),
	(45409, 310, '2019-10-01', 4, NULL, 1, 1),
	(45410, 311, '2019-10-01', 4, NULL, 1, 1),
	(45411, 313, '2019-10-01', 11, NULL, 1, 1),
	(45412, 314, '2019-10-01', 4, NULL, 1, 1),
	(45413, 315, '2019-10-01', 1, 5, 1, 1),
	(45414, 316, '2019-10-01', 8, 3, 1, 1),
	(45415, 318, '2019-10-01', 1, 5, 1, 1),
	(45416, 319, '2019-10-01', 1, 4, 1, 1),
	(45417, 320, '2019-10-01', 1, 1, 1, 1),
	(45418, 322, '2019-10-01', 1, 4, 1, 1),
	(45419, 323, '2019-10-01', 8, 3, 1, 1),
	(45420, 324, '2019-10-01', 1, 4, 1, 1),
	(45421, 326, '2019-10-01', 1, 4, 1, 1),
	(45422, 327, '2019-10-01', 8, 5, 1, 1),
	(45423, 328, '2019-10-01', 1, 4, 1, 1),
	(45424, 329, '2019-10-01', 1, 4, 1, 1),
	(45425, 330, '2019-10-01', 1, 4, 1, 1),
	(45426, 331, '2019-10-01', 1, 3, 1, 1),
	(45427, 332, '2019-10-01', 1, 4, 1, 1),
	(45428, 333, '2019-10-01', 8, 4, 1, 1),
	(45429, 334, '2019-10-01', 11, 5, 1, 1),
	(45430, 335, '2019-10-01', 1, 5, 1, 1),
	(45431, 336, '2019-10-01', 8, 4, 1, 1),
	(45432, 337, '2019-10-01', 1, 4, 1, 1),
	(45433, 338, '2019-10-01', 1, 4, 1, 1),
	(45434, 339, '2019-10-01', 1, 3, 1, 1),
	(45435, 340, '2019-10-01', 1, 4, 1, 1),
	(45436, 341, '2019-10-01', 1, 5, 1, 1),
	(45437, 343, '2019-10-01', 5, NULL, 1, 1),
	(45438, 344, '2019-10-01', 5, NULL, 1, 1),
	(45439, 346, '2019-10-01', 1, 3, 1, 1),
	(45440, 347, '2019-10-01', 1, 4, 1, 1),
	(45441, 348, '2019-10-01', 1, 4, 1, 1),
	(45442, 349, '2019-10-01', 1, 3, 1, 1),
	(45645, 303, '2019-10-01', 11, NULL, 2, 1),
	(45678, 300, '2019-10-02', 1, 3, 1, 1),
	(45679, 303, '2019-10-02', 8, 4, 1, 1),
	(45680, 305, '2019-10-02', 1, 4, 1, 1),
	(45681, 306, '2019-10-02', 12, NULL, 1, 1),
	(45682, 307, '2019-10-02', 1, 3, 1, 1),
	(45683, 308, '2019-10-02', 8, 4, 1, 1),
	(45684, 309, '2019-10-02', 1, 2, 1, 1),
	(45685, 310, '2019-10-02', 4, NULL, 1, 1),
	(45686, 311, '2019-10-02', 4, NULL, 1, 1),
	(45687, 313, '2019-10-02', 1, 4, 1, 1),
	(45688, 314, '2019-10-02', 4, NULL, 1, 1),
	(45689, 315, '2019-10-02', 8, 5, 1, 1),
	(45690, 316, '2019-10-02', 1, 2, 1, 1),
	(45691, 318, '2019-10-02', 1, 4, 1, 1),
	(45692, 319, '2019-10-02', 1, 3, 1, 1),
	(45693, 320, '2019-10-02', 1, 4, 1, 1),
	(45694, 322, '2019-10-02', 1, 4, 1, 1),
	(45695, 323, '2019-10-02', 5, NULL, 1, 1),
	(45696, 324, '2019-10-02', 1, 5, 1, 1),
	(45697, 326, '2019-10-02', 1, 3, 1, 1),
	(45698, 327, '2019-10-02', 5, NULL, 1, 1),
	(45699, 328, '2019-10-02', 1, 3, 1, 1),
	(45700, 329, '2019-10-02', 1, 3, 1, 1),
	(45701, 330, '2019-10-02', 1, 4, 1, 1),
	(45702, 331, '2019-10-02', 1, 3, 1, 1),
	(45703, 332, '2019-10-02', 1, 4, 1, 1),
	(45704, 333, '2019-10-02', 8, 4, 1, 1),
	(45705, 334, '2019-10-02', 1, 5, 1, 1),
	(45706, 335, '2019-10-02', 1, 4, 1, 1),
	(45707, 336, '2019-10-02', 8, 4, 1, 1),
	(45708, 337, '2019-10-02', 1, 3, 1, 1),
	(45709, 338, '2019-10-02', 1, 4, 1, 1),
	(45710, 339, '2019-10-02', 1, 4, 1, 1),
	(45711, 340, '2019-10-02', 1, 4, 1, 1),
	(45712, 341, '2019-10-02', 1, 4, 1, 1),
	(45713, 343, '2019-10-02', 8, 1, 1, 1),
	(45714, 344, '2019-10-02', 8, 4, 1, 1),
	(45715, 346, '2019-10-02', 1, 3, 1, 1),
	(45716, 347, '2019-10-02', 8, 3, 1, 1),
	(45717, 348, '2019-10-02', 1, 4, 1, 1),
	(45718, 349, '2019-10-02', 1, 4, 1, 1),
	(45809, 300, '2019-10-03', 8, 3, 1, 1),
	(45810, 303, '2019-10-03', 1, 2, 1, 1),
	(45811, 305, '2019-10-03', 8, 4, 1, 1),
	(45812, 306, '2019-10-03', 1, 4, 1, 1),
	(45813, 307, '2019-10-03', 1, 3, 1, 1),
	(45814, 308, '2019-10-03', 8, 4, 1, 1),
	(45815, 309, '2019-10-03', 1, 2, 1, 1),
	(45816, 310, '2019-10-03', 4, NULL, 1, 1),
	(45817, 311, '2019-10-03', 4, NULL, 1, 1),
	(45818, 313, '2019-10-03', 1, 4, 1, 1),
	(45819, 314, '2019-10-03', 4, NULL, 1, 1),
	(45820, 315, '2019-10-03', 1, 5, 1, 1),
	(45821, 316, '2019-10-03', 8, 3, 1, 1),
	(45822, 318, '2019-10-03', 1, 5, 1, 1),
	(45823, 319, '2019-10-03', 1, 2, 1, 1),
	(45824, 320, '2019-10-03', 1, 5, 1, 1),
	(45825, 322, '2019-10-03', 1, 5, 1, 1),
	(45826, 323, '2019-10-03', 8, 3, 1, 1),
	(45827, 324, '2019-10-03', 1, 4, 1, 1),
	(45828, 326, '2019-10-03', 1, 4, 1, 1),
	(45829, 327, '2019-10-03', 5, NULL, 1, 1),
	(45830, 328, '2019-10-03', 1, 3, 1, 1),
	(45831, 329, '2019-10-03', 1, 4, 1, 1),
	(45832, 330, '2019-10-03', 8, 3, 1, 1),
	(45833, 331, '2019-10-03', 1, 4, 1, 1),
	(45834, 332, '2019-10-03', 7, NULL, 1, 1),
	(45835, 333, '2019-10-03', 1, 4, 1, 1),
	(45836, 334, '2019-10-03', 1, 4, 1, 1),
	(45837, 335, '2019-10-03', 1, 4, 1, 1),
	(45838, 336, '2019-10-03', 8, 4, 1, 1),
	(45839, 337, '2019-10-03', 1, 4, 1, 1),
	(45840, 338, '2019-10-03', 1, 4, 1, 1),
	(45841, 339, '2019-10-03', 1, 4, 1, 1),
	(45842, 340, '2019-10-03', 1, 4, 1, 1),
	(45843, 341, '2019-10-03', 11, NULL, 1, 1),
	(45844, 343, '2019-10-03', 5, NULL, 1, 1),
	(45845, 344, '2019-10-03', 7, NULL, 1, 1),
	(45846, 346, '2019-10-03', 8, 3, 1, 1),
	(45847, 347, '2019-10-03', 1, 4, 1, 1),
	(45848, 348, '2019-10-03', 1, 4, 1, 1),
	(45849, 349, '2019-10-03', 1, 4, 1, 1),
	(45925, 303, '2019-10-03', 7, NULL, 2, 1),
	(45957, 300, '2019-10-04', 8, 2, 1, 1),
	(45958, 303, '2019-10-04', 1, 5, 1, 1),
	(45959, 305, '2019-10-04', 1, 3, 1, 1),
	(45960, 306, '2019-10-04', 1, 3, 1, 1),
	(45961, 307, '2019-10-04', 1, 4, 1, 1),
	(45962, 308, '2019-10-04', 11, NULL, 1, 1),
	(45963, 309, '2019-10-04', 1, 5, 1, 1),
	(45964, 310, '2019-10-04', 4, NULL, 1, 1),
	(45965, 311, '2019-10-04', 4, NULL, 1, 1),
	(45966, 313, '2019-10-04', 1, 3, 1, 1),
	(45967, 314, '2019-10-04', 4, NULL, 1, 1),
	(45968, 315, '2019-10-04', 8, 5, 1, 1),
	(45969, 316, '2019-10-04', 8, 3, 1, 1),
	(45970, 318, '2019-10-04', 1, 5, 1, 1),
	(45971, 319, '2019-10-04', 1, 2, 1, 1),
	(45972, 320, '2019-10-04', 1, 5, 1, 1),
	(45973, 322, '2019-10-04', 1, 5, 1, 1),
	(45974, 323, '2019-10-04', 8, 3, 1, 1),
	(45975, 324, '2019-10-04', 11, NULL, 1, 1),
	(45976, 326, '2019-10-04', 4, NULL, 1, 1),
	(45977, 327, '2019-10-04', 8, 4, 1, 1),
	(45978, 328, '2019-10-04', 1, 2, 1, 1),
	(45979, 329, '2019-10-04', 1, 4, 1, 1),
	(45980, 330, '2019-10-04', 1, 4, 1, 1),
	(45981, 331, '2019-10-04', 1, 5, 1, 1),
	(45982, 332, '2019-10-04', 1, 5, 1, 1),
	(45983, 333, '2019-10-04', 1, 4, 1, 1),
	(45984, 334, '2019-10-04', 1, 3, 1, 1),
	(45985, 335, '2019-10-04', 1, 4, 1, 1),
	(45986, 336, '2019-10-04', 4, NULL, 1, 1),
	(45987, 337, '2019-10-04', 1, 4, 1, 1),
	(45988, 338, '2019-10-04', 1, 5, 1, 1),
	(45989, 339, '2019-10-04', 1, 4, 1, 1),
	(45990, 340, '2019-10-04', 1, 4, 1, 1),
	(45991, 341, '2019-10-04', 11, NULL, 1, 1),
	(45992, 343, '2019-10-04', 8, 3, 1, 1),
	(45993, 344, '2019-10-04', 8, 4, 1, 1),
	(45994, 346, '2019-10-04', 1, 4, 1, 1),
	(45995, 347, '2019-10-04', 1, 4, 1, 1),
	(45996, 348, '2019-10-04', 1, 4, 1, 1),
	(45997, 349, '2019-10-04', 1, 4, 1, 1),
	(46105, 300, '2019-10-07', 5, NULL, 1, 1),
	(46106, 303, '2019-10-07', 1, 2, 1, 1),
	(46107, 305, '2019-10-07', 1, 4, 1, 1),
	(46108, 306, '2019-10-07', 1, 3, 1, 1),
	(46109, 307, '2019-10-07', 1, 3, 1, 1),
	(46110, 308, '2019-10-07', 1, 4, 1, 1),
	(46111, 309, '2019-10-07', 1, 1, 1, 1),
	(46112, 310, '2019-10-07', 4, NULL, 1, 1),
	(46113, 311, '2019-10-07', 4, NULL, 1, 1),
	(46114, 313, '2019-10-07', 1, 4, 1, 1),
	(46115, 314, '2019-10-07', 4, NULL, 1, 1),
	(46116, 315, '2019-10-07', 1, 4, 1, 1),
	(46117, 316, '2019-10-07', 1, 3, 1, 1),
	(46118, 318, '2019-10-07', 8, 2, 1, 1),
	(46119, 319, '2019-10-07', 1, 3, 1, 1),
	(46120, 320, '2019-10-07', 1, 4, 1, 1),
	(46121, 322, '2019-10-07', 1, 5, 1, 1),
	(46122, 323, '2019-10-07', 3, NULL, 1, 1),
	(46123, 324, '2019-10-07', 11, NULL, 1, 1),
	(46124, 326, '2019-10-07', 8, 4, 1, 1),
	(46125, 327, '2019-10-07', 8, 4, 1, 1),
	(46126, 328, '2019-10-07', 1, 3, 1, 1),
	(46127, 329, '2019-10-07', 1, 4, 1, 1),
	(46128, 330, '2019-10-07', 1, 4, 1, 1),
	(46129, 331, '2019-10-07', 1, 3, 1, 1),
	(46130, 332, '2019-10-07', 1, 4, 1, 1),
	(46131, 333, '2019-10-07', 1, 3, 1, 1),
	(46132, 334, '2019-10-07', 1, 1, 1, 1),
	(46133, 335, '2019-10-07', 1, 3, 1, 1),
	(46134, 336, '2019-10-07', 8, 4, 1, 1),
	(46135, 337, '2019-10-07', 1, 4, 1, 1),
	(46136, 338, '2019-10-07', 1, 4, 1, 1),
	(46137, 339, '2019-10-07', 1, 4, 1, 1),
	(46138, 340, '2019-10-07', 1, 2, 1, 1),
	(46139, 341, '2019-10-07', 1, 4, 1, 1),
	(46140, 343, '2019-10-07', 1, 3, 1, 1),
	(46141, 344, '2019-10-07', 1, 4, 1, 1),
	(46142, 346, '2019-10-07', 1, 3, 1, 1),
	(46143, 347, '2019-10-07', 1, 4, 1, 1),
	(46144, 348, '2019-10-07', 1, 4, 1, 1),
	(46145, 349, '2019-10-07', 1, 4, 1, 1),
	(46253, 300, '2019-10-08', 1, 3, 1, 1),
	(46254, 303, '2019-10-08', 4, NULL, 1, 1),
	(46255, 305, '2019-10-08', 1, 4, 1, 1),
	(46256, 306, '2019-10-08', 1, 4, 1, 1),
	(46257, 307, '2019-10-08', 1, 3, 1, 1),
	(46258, 308, '2019-10-08', 1, 4, 1, 1),
	(46259, 309, '2019-10-08', 1, 1, 1, 1),
	(46260, 310, '2019-10-08', 4, NULL, 1, 1),
	(46261, 311, '2019-10-08', 4, NULL, 1, 1),
	(46262, 313, '2019-10-08', 1, 3, 1, 1),
	(46263, 314, '2019-10-08', 4, NULL, 1, 1),
	(46264, 315, '2019-10-08', 1, 5, 1, 1),
	(46265, 316, '2019-10-08', 8, 3, 1, 1),
	(46266, 318, '2019-10-08', 8, 4, 1, 1),
	(46267, 319, '2019-10-08', 1, 4, 1, 1),
	(46268, 320, '2019-10-08', 1, 4, 1, 1),
	(46269, 322, '2019-10-08', 1, 5, 1, 1),
	(46270, 323, '2019-10-08', 4, NULL, 1, 1),
	(46271, 324, '2019-10-08', 11, NULL, 1, 1),
	(46272, 326, '2019-10-08', 8, 4, 1, 1),
	(46273, 327, '2019-10-08', 8, 3, 1, 1),
	(46274, 328, '2019-10-08', 1, 3, 1, 1),
	(46275, 329, '2019-10-08', 1, 4, 1, 1),
	(46276, 330, '2019-10-08', 1, 4, 1, 1),
	(46277, 331, '2019-10-08', 1, 2, 1, 1),
	(46278, 332, '2019-10-08', 1, 4, 1, 1),
	(46279, 333, '2019-10-08', 1, 4, 1, 1),
	(46280, 334, '2019-10-08', 1, 4, 1, 1),
	(46281, 335, '2019-10-08', 1, 2, 1, 1),
	(46282, 336, '2019-10-08', 8, 4, 1, 1),
	(46283, 337, '2019-10-08', 1, 4, 1, 1),
	(46284, 338, '2019-10-08', 1, 2, 1, 1),
	(46285, 339, '2019-10-08', 1, 3, 1, 1),
	(46286, 340, '2019-10-08', 1, 3, 1, 1),
	(46287, 341, '2019-10-08', 1, 4, 1, 1),
	(46288, 343, '2019-10-08', 1, 3, 1, 1),
	(46289, 344, '2019-10-08', 1, 4, 1, 1),
	(46290, 346, '2019-10-08', 1, 1, 1, 1),
	(46291, 347, '2019-10-08', 1, 3, 1, 1),
	(46292, 348, '2019-10-08', 1, 3, 1, 1),
	(46293, 349, '2019-10-08', 1, 3, 1, 1),
	(46401, 300, '2019-10-09', 1, 3, 1, 1),
	(46402, 303, '2019-10-09', 4, NULL, 1, 1),
	(46403, 305, '2019-10-09', 1, 4, 1, 1),
	(46404, 306, '2019-10-09', 1, 2, 1, 1),
	(46405, 307, '2019-10-09', 1, 4, 1, 1),
	(46407, 309, '2019-10-09', 1, 4, 1, 1),
	(46408, 310, '2019-10-09', 4, NULL, 1, 1),
	(46409, 311, '2019-10-09', 4, NULL, 1, 1),
	(46410, 313, '2019-10-09', 1, 3, 1, 1),
	(46411, 314, '2019-10-09', 4, NULL, 1, 1),
	(46412, 315, '2019-10-09', 1, 4, 1, 1),
	(46413, 316, '2019-10-09', 1, 3, 1, 1),
	(46414, 318, '2019-10-09', 1, 4, 1, 1),
	(46415, 319, '2019-10-09', 1, 2, 1, 1),
	(46416, 320, '2019-10-09', 8, 4, 1, 1),
	(46417, 322, '2019-10-09', 1, 5, 1, 1),
	(46418, 323, '2019-10-09', 4, NULL, 1, 1),
	(46419, 324, '2019-10-09', 11, NULL, 1, 1),
	(46420, 326, '2019-10-09', 1, 4, 1, 1),
	(46421, 327, '2019-10-09', 11, NULL, 1, 1),
	(46422, 328, '2019-10-09', 1, 4, 1, 1),
	(46423, 329, '2019-10-09', 1, 3, 1, 1),
	(46424, 330, '2019-10-09', 1, 4, 1, 1),
	(46425, 331, '2019-10-09', 1, 4, 1, 1),
	(46426, 332, '2019-10-09', 1, 2, 1, 1),
	(46427, 333, '2019-10-09', 1, 2, 1, 1),
	(46428, 334, '2019-10-09', 1, 4, 1, 1),
	(46429, 335, '2019-10-09', 1, 3, 1, 1),
	(46430, 336, '2019-10-09', 8, 4, 1, 1),
	(46431, 337, '2019-10-09', 1, 4, 1, 1),
	(46432, 338, '2019-10-09', 1, 4, 1, 1),
	(46433, 339, '2019-10-09', 1, 2, 1, 1),
	(46434, 340, '2019-10-09', 1, 4, 1, 1),
	(46435, 341, '2019-10-09', 1, 4, 1, 1),
	(46436, 343, '2019-10-09', 1, 2, 1, 1),
	(46437, 344, '2019-10-09', 1, 4, 1, 1),
	(46438, 346, '2019-10-09', 1, 3, 1, 1),
	(46439, 347, '2019-10-09', 1, 4, 1, 1),
	(46440, 348, '2019-10-09', 1, 3, 1, 1),
	(46441, 349, '2019-10-09', 1, 4, 1, 1),
	(46533, 303, '2019-10-10', 4, NULL, 1, 1),
	(46534, 305, '2019-10-10', 8, 3, 1, 1),
	(46535, 306, '2019-10-10', 1, 4, 1, 1),
	(46536, 307, '2019-10-10', 1, 4, 1, 1),
	(46538, 309, '2019-10-10', 1, 4, 1, 1),
	(46539, 310, '2019-10-10', 4, NULL, 1, 1),
	(46540, 311, '2019-10-10', 4, NULL, 1, 1),
	(46541, 313, '2019-10-10', 1, 4, 1, 1),
	(46542, 314, '2019-10-10', 4, NULL, 1, 1),
	(46543, 315, '2019-10-10', 11, NULL, 1, 1),
	(46544, 316, '2019-10-10', 1, 3, 1, 1),
	(46545, 318, '2019-10-10', 1, 4, 1, 1),
	(46546, 319, '2019-10-10', 1, 4, 1, 1),
	(46547, 320, '2019-10-10', 8, 4, 1, 1),
	(46548, 322, '2019-10-10', 1, 5, 1, 1),
	(46549, 323, '2019-10-10', 4, NULL, 1, 1),
	(46550, 324, '2019-10-10', 11, NULL, 1, 1),
	(46551, 326, '2019-10-10', 1, 4, 1, 1),
	(46552, 327, '2019-10-10', 11, NULL, 1, 1),
	(46553, 328, '2019-10-10', 1, 4, 1, 1),
	(46554, 329, '2019-10-10', 1, 4, 1, 1),
	(46555, 330, '2019-10-10', 1, 4, 1, 1),
	(46556, 331, '2019-10-10', 1, 4, 1, 1),
	(46557, 332, '2019-10-10', 1, 2, 1, 1),
	(46558, 333, '2019-10-10', 1, 4, 1, 1),
	(46559, 334, '2019-10-10', 1, 4, 1, 1),
	(46560, 335, '2019-10-10', 1, 4, 1, 1),
	(46561, 336, '2019-10-10', 8, 4, 1, 1),
	(46562, 337, '2019-10-10', 8, 4, 1, 1),
	(46563, 338, '2019-10-10', 1, 4, 1, 1),
	(46564, 339, '2019-10-10', 1, 5, 1, 1),
	(46565, 340, '2019-10-10', 1, 3, 1, 1),
	(46566, 341, '2019-10-10', 1, 3, 1, 1),
	(46567, 343, '2019-10-10', 1, 3, 1, 1),
	(46568, 344, '2019-10-10', 1, 4, 1, 1),
	(46569, 346, '2019-10-10', 1, 4, 1, 1),
	(46570, 347, '2019-10-10', 1, 3, 1, 1),
	(46571, 348, '2019-10-10', 1, 4, 1, 1),
	(46572, 349, '2019-10-10', 1, 4, 1, 1),
	(46680, 300, '2019-10-11', 1, 3, 1, 1),
	(46681, 303, '2019-10-11', 4, NULL, 1, 1),
	(46682, 305, '2019-10-11', 8, 3, 1, 1),
	(46683, 306, '2019-10-11', 1, 2, 1, 1),
	(46684, 307, '2019-10-11', 11, NULL, 1, 1),
	(46685, 308, '2019-10-11', 11, NULL, 1, 1),
	(46686, 309, '2019-10-11', 1, 4, 1, 1),
	(46687, 310, '2019-10-11', 4, NULL, 1, 1),
	(46688, 311, '2019-10-11', 4, NULL, 1, 1),
	(46689, 313, '2019-10-11', 1, 4, 1, 1),
	(46690, 314, '2019-10-11', 4, NULL, 1, 1),
	(46691, 315, '2019-10-11', 11, NULL, 1, 1),
	(46692, 316, '2019-10-11', 1, 2, 1, 1),
	(46693, 318, '2019-10-11', 1, 4, 1, 1),
	(46694, 319, '2019-10-11', 1, 4, 1, 1),
	(46695, 320, '2019-10-11', 1, 5, 1, 1),
	(46696, 322, '2019-10-11', 1, 5, 1, 1),
	(46697, 323, '2019-10-11', 4, NULL, 1, 1),
	(46698, 324, '2019-10-11', 11, NULL, 1, 1),
	(46699, 326, '2019-10-11', 1, 5, 1, 1),
	(46700, 327, '2019-10-11', 11, NULL, 1, 1),
	(46701, 328, '2019-10-11', 1, 3, 1, 1),
	(46702, 329, '2019-10-11', 1, 3, 1, 1),
	(46703, 330, '2019-10-11', 1, 4, 1, 1),
	(46704, 331, '2019-10-11', 11, NULL, 1, 1),
	(46705, 332, '2019-10-11', 1, 5, 1, 1),
	(46706, 333, '2019-10-11', 11, NULL, 1, 1),
	(46707, 334, '2019-10-11', 8, 2, 1, 1),
	(46708, 335, '2019-10-11', 1, 4, 1, 1),
	(46709, 336, '2019-10-11', 1, 4, 1, 1),
	(46710, 337, '2019-10-11', 1, 4, 1, 1),
	(46711, 338, '2019-10-11', 1, 4, 1, 1),
	(46712, 339, '2019-10-11', 1, 4, 1, 1),
	(46713, 340, '2019-10-11', 1, 4, 1, 1),
	(46714, 341, '2019-10-11', 1, 4, 1, 1),
	(46715, 343, '2019-10-11', 1, 4, 1, 1),
	(46716, 344, '2019-10-11', 1, 4, 1, 1),
	(46717, 346, '2019-10-11', 1, 4, 1, 1),
	(46718, 347, '2019-10-11', 1, 4, 1, 1),
	(46719, 348, '2019-10-11', 1, 4, 1, 1),
	(46720, 349, '2019-10-11', 1, 4, 1, 1),
	(46795, 303, '2019-10-11', 4, NULL, 2, 1),
	(46828, 300, '2019-10-14', 1, 4, 1, 1),
	(46829, 303, '2019-10-14', 4, NULL, 1, 1),
	(46830, 305, '2019-10-14', 12, NULL, 1, 1),
	(46831, 306, '2019-10-14', 6, NULL, 1, 1),
	(46832, 307, '2019-10-14', 11, NULL, 1, 1),
	(46833, 308, '2019-10-14', 11, NULL, 1, 1),
	(46834, 309, '2019-10-14', 4, NULL, 1, 1),
	(46835, 310, '2019-10-14', 4, NULL, 1, 1),
	(46836, 311, '2019-10-14', 11, NULL, 1, 1),
	(46837, 313, '2019-10-14', 1, 3, 1, 1),
	(46838, 314, '2019-10-14', 4, NULL, 1, 1),
	(46839, 315, '2019-10-14', 11, NULL, 1, 1),
	(46840, 316, '2019-10-14', 1, 4, 1, 1),
	(46841, 318, '2019-10-14', 8, 3, 1, 1),
	(46842, 319, '2019-10-14', 12, NULL, 1, 1),
	(46843, 320, '2019-10-14', 12, NULL, 1, 1),
	(46844, 322, '2019-10-14', 12, NULL, 1, 1),
	(46845, 323, '2019-10-14', 12, NULL, 1, 1),
	(46846, 324, '2019-10-14', 11, NULL, 1, 1),
	(46847, 326, '2019-10-14', 1, 4, 1, 1),
	(46848, 327, '2019-10-14', 11, NULL, 1, 1),
	(46849, 328, '2019-10-14', 1, 4, 1, 1),
	(46850, 329, '2019-10-14', 1, 4, 1, 1),
	(46851, 330, '2019-10-14', 1, 4, 1, 1),
	(46852, 331, '2019-10-14', 11, NULL, 1, 1),
	(46853, 332, '2019-10-14', 8, 4, 1, 1),
	(46854, 333, '2019-10-14', 11, NULL, 1, 1),
	(46855, 334, '2019-10-14', 1, 1, 1, 1),
	(46856, 335, '2019-10-14', 1, 3, 1, 1),
	(46857, 336, '2019-10-14', 1, 4, 1, 1),
	(46858, 337, '2019-10-14', 1, 4, 1, 1),
	(46859, 338, '2019-10-14', 1, 4, 1, 1),
	(46860, 339, '2019-10-14', 7, 4, 1, 1),
	(46861, 340, '2019-10-14', 1, 3, 1, 1),
	(46862, 341, '2019-10-14', 1, 3, 1, 1),
	(46863, 343, '2019-10-14', 1, 3, 1, 1),
	(46864, 344, '2019-10-14', 8, 4, 1, 1),
	(46865, 346, '2019-10-14', 8, 2, 1, 1),
	(46866, 347, '2019-10-14', 8, 3, 1, 1),
	(46867, 348, '2019-10-14', 7, NULL, 1, 1),
	(46868, 349, '2019-10-14', 1, 3, 1, 1),
	(46976, 300, '2019-10-15', 1, 4, 1, 1),
	(46978, 305, '2019-10-15', 12, NULL, 1, 1),
	(46979, 306, '2019-10-15', 8, 2, 1, 1),
	(46980, 307, '2019-10-15', 11, NULL, 1, 1),
	(46981, 308, '2019-10-15', 11, NULL, 1, 1),
	(46982, 309, '2019-10-15', 8, 3, 1, 1),
	(46983, 310, '2019-10-15', 4, NULL, 1, 1),
	(46984, 311, '2019-10-15', 11, NULL, 1, 1),
	(46985, 313, '2019-10-15', 1, 3, 1, 1),
	(46986, 314, '2019-10-15', 4, NULL, 1, 1),
	(46987, 315, '2019-10-15', 1, 5, 1, 1),
	(46988, 316, '2019-10-15', 1, 2, 1, 1),
	(46989, 318, '2019-10-15', 1, 1, 1, 1),
	(46990, 319, '2019-10-15', 12, NULL, 1, 1),
	(46991, 320, '2019-10-15', 12, NULL, 1, 1),
	(46992, 322, '2019-10-15', 12, NULL, 1, 1),
	(46993, 323, '2019-10-15', 12, NULL, 1, 1),
	(46994, 324, '2019-10-15', 11, NULL, 1, 1),
	(46995, 326, '2019-10-15', 1, 4, 1, 1),
	(46996, 327, '2019-10-15', 11, NULL, 1, 1),
	(46997, 328, '2019-10-15', 1, 4, 1, 1),
	(46998, 329, '2019-10-15', 1, 4, 1, 1),
	(46999, 330, '2019-10-15', 1, 4, 1, 1),
	(47000, 331, '2019-10-15', 11, NULL, 1, 1),
	(47001, 332, '2019-10-15', 1, 4, 1, 1),
	(47002, 333, '2019-10-15', 11, NULL, 1, 1),
	(47003, 334, '2019-10-15', 1, 1, 1, 1),
	(47004, 335, '2019-10-15', 1, 3, 1, 1),
	(47005, 336, '2019-10-15', 1, 4, 1, 1),
	(47006, 337, '2019-10-15', 1, 4, 1, 1),
	(47007, 338, '2019-10-15', 1, 3, 1, 1),
	(47008, 339, '2019-10-15', 1, 3, 1, 1),
	(47009, 340, '2019-10-15', 1, 4, 1, 1),
	(47010, 341, '2019-10-15', 1, 4, 1, 1),
	(47011, 343, '2019-10-15', 1, 3, 1, 1),
	(47012, 344, '2019-10-15', 1, 3, 1, 1),
	(47013, 346, '2019-10-15', 1, 4, 1, 1),
	(47014, 347, '2019-10-15', 1, 4, 1, 1),
	(47015, 348, '2019-10-15', 1, 4, 1, 1),
	(47016, 349, '2019-10-15', 1, 4, 1, 1),
	(47126, 305, '2019-10-16', 12, NULL, 1, 1),
	(47127, 306, '2019-10-16', 3, NULL, 1, 1),
	(47128, 307, '2019-10-16', 11, NULL, 1, 1),
	(47129, 308, '2019-10-16', 11, NULL, 1, 1),
	(47130, 309, '2019-10-16', 8, 4, 1, 1),
	(47131, 310, '2019-10-16', 4, NULL, 1, 1),
	(47132, 311, '2019-10-16', 11, NULL, 1, 1),
	(47134, 314, '2019-10-16', 4, NULL, 1, 1),
	(47135, 315, '2019-10-16', 1, 4, 1, 1),
	(47136, 316, '2019-10-16', 7, NULL, 1, 1),
	(47137, 318, '2019-10-16', 7, NULL, 1, 1),
	(47138, 319, '2019-10-16', 12, NULL, 1, 1),
	(47139, 320, '2019-10-16', 12, NULL, 1, 1),
	(47140, 322, '2019-10-16', 12, NULL, 1, 1),
	(47141, 323, '2019-10-16', 12, NULL, 1, 1),
	(47142, 324, '2019-10-16', 11, NULL, 1, 1),
	(47144, 327, '2019-10-16', 11, NULL, 1, 1),
	(47148, 331, '2019-10-16', 11, NULL, 1, 1),
	(47149, 332, '2019-10-16', 7, NULL, 1, 1),
	(47150, 333, '2019-10-16', 11, NULL, 1, 1),
	(47151, 334, '2019-10-16', 6, NULL, 1, 1);
/*!40000 ALTER TABLE `tennis` ENABLE KEYS */;

-- Volcando estructura para tabla prueba.tennis_groups
CREATE TABLE IF NOT EXISTS `tennis_groups` (
  `id` int(11) NOT NULL,
  `name` varchar(50) DEFAULT NULL,
  PRIMARY KEY (`id`)
) ENGINE=InnoDB DEFAULT CHARSET=utf8;

-- Volcando datos para la tabla prueba.tennis_groups: ~18 rows (aproximadamente)
DELETE FROM `tennis_groups`;
/*!40000 ALTER TABLE `tennis_groups` DISABLE KEYS */;
INSERT INTO `tennis_groups` (`id`, `name`) VALUES
	(0, 'GROUP 0'),
	(1, 'GROUP 1'),
	(2, 'GROUP 2'),
	(3, 'GROUP 3'),
	(4, 'GROUP 4'),
	(5, 'GROUP 5'),
	(6, 'GROUP 6'),
	(7, 'GROUP 7'),
	(8, 'GROUP 8'),
	(9, 'GROUP 9'),
	(10, 'GROUP 10'),
	(11, 'GROUP 11'),
	(12, 'GROUP 12'),
	(13, 'GROUP 13'),
	(14, 'GROUP 14'),
	(15, 'GROUP 15'),
	(16, 'GROUP 16'),
	(17, 'GROUP 17');
/*!40000 ALTER TABLE `tennis_groups` ENABLE KEYS */;

-- Volcando estructura para tabla prueba.users
CREATE TABLE IF NOT EXISTS `users` (
  `user_id` int(11) NOT NULL AUTO_INCREMENT,
  `user_name` varchar(255) NOT NULL,
  `user_fullname` varchar(70) DEFAULT NULL,
  `user_type` int(11) NOT NULL DEFAULT 1,
  PRIMARY KEY (`user_id`),
  KEY `U_USER_TYPE` (`user_type`),
  CONSTRAINT `U_USER_TYPE` FOREIGN KEY (`user_type`) REFERENCES `user_type` (`u_id`)
) ENGINE=InnoDB AUTO_INCREMENT=339 DEFAULT CHARSET=utf8;

-- Volcando datos para la tabla prueba.users: ~120 rows (aproximadamente)
DELETE FROM `users`;
/*!40000 ALTER TABLE `users` DISABLE KEYS */;
INSERT INTO `users` (`user_id`, `user_name`, `user_fullname`, `user_type`) VALUES
	(14, 'user_name14', 'user_fullname14', 4),
	(15, 'user_name15', 'user_fullname15', 2),
	(17, 'user_name17', 'user_fullname17', 2),
	(18, 'user_name18', 'user_fullname18', 3),
	(19, 'user_name19', 'user_fullname19', 3),
	(20, 'user_name20', 'user_fullname20', 2),
	(21, 'user_name21', 'user_fullname21', 3),
	(23, 'user_name23', 'user_fullname23', 3),
	(24, 'user_name24', 'user_fullname24', 2),
	(25, 'user_name25', 'user_fullname25', 2),
	(26, 'user_name26', 'user_fullname26', 3),
	(27, 'user_name27', 'user_fullname27', 2),
	(28, 'user_name28', 'user_fullname28', 3),
	(29, 'user_name29', 'user_fullname29', 3),
	(30, 'user_name30', 'user_fullname30', 2),
	(32, 'user_name32', 'user_fullname32', 3),
	(33, 'user_name33', 'user_fullname33', 2),
	(34, 'user_name34', 'user_fullname34', 2),
	(35, 'user_name35', 'user_fullname35', 2),
	(36, 'user_name36', 'user_fullname36', 2),
	(40, 'user_name40', 'user_fullname40', 6),
	(41, 'user_name41', 'user_fullname41', 7),
	(43, 'user_name43', 'user_fullname43', 7),
	(45, 'user_name45', 'user_fullname45', 7),
	(51, 'user_name51', 'user_fullname51', 12),
	(52, 'user_name52', 'user_fullname52', 13),
	(53, 'user_name53', 'user_fullname53', 13),
	(54, 'user_name54', 'user_fullname54', 13),
	(55, 'user_name55', 'user_fullname55', 13),
	(56, 'user_name56', 'user_fullname56', 13),
	(57, 'user_name57', 'user_fullname57', 13),
	(58, 'user_name58', 'user_fullname58', 13),
	(59, 'user_name59', 'user_fullname59', 13),
	(60, 'user_name60', 'user_fullname60', 13),
	(74, 'user_name74', 'user_fullname74', 21),
	(75, 'user_name75', 'user_fullname75', 22),
	(78, 'user_name78', 'user_fullname78', 23),
	(79, 'user_name79', 'user_fullname79', 23),
	(80, 'user_name80', 'user_fullname80', 23),
	(81, 'user_name81', 'user_fullname81', 23),
	(82, 'user_name82', 'user_fullname82', 23),
	(83, 'user_name83', 'user_fullname83', 23),
	(84, 'user_name84', 'user_fullname84', 23),
	(85, 'user_name85', 'user_fullname85', 23),
	(86, 'user_name86', 'user_fullname86', 23),
	(87, 'user_name87', 'user_fullname87', 23),
	(88, 'user_name88', 'user_fullname88', 23),
	(91, 'user_name91', 'user_fullname91', 13),
	(92, 'user_name92', 'user_fullname92', 7),
	(93, 'user_name93', 'user_fullname93', 23),
	(94, 'user_name94', 'user_fullname94', 23),
	(95, 'user_name95', 'user_fullname95', 3),
	(96, 'user_name96', 'user_fullname96', 2),
	(99, 'user_name99', 'user_fullname99', 23),
	(101, 'user_name101', 'user_fullname101', 23),
	(115, 'user_name115', 'user_fullname115', 3),
	(117, 'user_name117', 'user_fullname117', 3),
	(118, 'user_name118', 'user_fullname118', 2),
	(126, 'user_name126', 'user_fullname126', 2),
	(127, 'user_name127', 'user_fullname127', 23),
	(128, 'user_name128', 'user_fullname128', 23),
	(129, 'user_name129', 'user_fullname129', 2),
	(131, 'user_name131', 'user_fullname131', 7),
	(133, 'user_name133', 'user_fullname133', 1),
	(135, 'user_name135', 'user_fullname135', 1),
	(141, 'user_name141', 'user_fullname141', 1),
	(147, 'user_name147', 'user_fullname147', 1),
	(154, 'user_name154', 'user_fullname154', 1),
	(156, 'user_name156', 'user_fullname156', 1),
	(158, 'user_name158', 'user_fullname158', 1),
	(167, 'user_name167', 'user_fullname167', 1),
	(172, 'user_name172', 'user_fullname172', 1),
	(175, 'user_name175', 'user_fullname175', 1),
	(176, 'user_name176', 'user_fullname176', 1),
	(177, 'user_name177', 'user_fullname177', 1),
	(179, 'user_name179', 'user_fullname179', 1),
	(181, 'user_name181', 'user_fullname181', 1),
	(184, 'user_name184', 'user_fullname184', 1),
	(185, 'user_name185', 'user_fullname185', 1),
	(186, 'user_name186', 'user_fullname186', 1),
	(187, 'user_name187', 'user_fullname187', 1),
	(189, 'user_name189', 'user_fullname189', 1),
	(193, 'user_name193', 'user_fullname193', 1),
	(195, 'user_name195', 'user_fullname195', 1),
	(196, 'user_name196', 'user_fullname196', 1),
	(198, 'user_name198', 'user_fullname198', 1),
	(212, 'user_name212', 'user_fullname212', 1),
	(215, 'user_name215', 'user_fullname215', 1),
	(216, 'user_name216', 'user_fullname216', 1),
	(217, 'user_name217', 'user_fullname217', 1),
	(222, 'user_name222', 'user_fullname222', 1),
	(223, 'user_name223', 'user_fullname223', 1),
	(227, 'user_name227', 'user_fullname227', 1),
	(228, 'user_name228', 'user_fullname228', 1),
	(230, 'user_name230', 'user_fullname230', 1),
	(236, 'user_name236', 'user_fullname236', 1),
	(240, 'user_name240', 'user_fullname240', 1),
	(241, 'user_name241', 'user_fullname241', 1),
	(245, 'user_name245', 'user_fullname245', 1),
	(248, 'user_name248', 'user_fullname248', 1),
	(249, 'user_name249', 'user_fullname249', 1),
	(250, 'user_name250', 'user_fullname250', 1),
	(253, 'user_name253', 'user_fullname253', 1),
	(257, 'user_name257', 'user_fullname257', 1),
	(264, 'user_name264', 'user_fullname264', 1),
	(265, 'user_name265', 'user_fullname265', 2),
	(275, 'user_name275', 'user_fullname275', 3),
	(277, 'user_name277', 'user_fullname277', 2),
	(278, 'user_name278', 'user_fullname278', 2),
	(279, 'user_name279', 'user_fullname279', 2),
	(280, 'user_name280', 'user_fullname280', 2),
	(281, 'user_name281', 'user_fullname281', 2),
	(282, 'user_name282', 'user_fullname282', 3),
	(320, 'user_name320', 'user_fullname320', 13),
	(322, 'user_name322', 'user_fullname322', 13),
	(327, 'user_name327', 'user_fullname327', 23),
	(328, 'user_name328', 'user_fullname328', 23),
	(329, 'user_name329', 'user_fullname329', 23),
	(330, 'user_name330', 'user_fullname330', 23),
	(334, 'user_name334', 'user_fullname334', 13);
/*!40000 ALTER TABLE `users` ENABLE KEYS */;

-- Volcando estructura para tabla prueba.user_type
CREATE TABLE IF NOT EXISTS `user_type` (
  `u_id` int(11) NOT NULL,
  `u_code` varchar(30) NOT NULL,
  PRIMARY KEY (`u_id`)
) ENGINE=InnoDB DEFAULT CHARSET=utf8;

-- Volcando datos para la tabla prueba.user_type: ~11 rows (aproximadamente)
DELETE FROM `user_type`;
/*!40000 ALTER TABLE `user_type` DISABLE KEYS */;
INSERT INTO `user_type` (`u_id`, `u_code`) VALUES
	(1, 'Player'),
	(2, 'TC'),
	(3, 'LTC'),
	(4, 'Head Tennis Coach Men'),
	(6, 'HF'),
	(7, 'Fitness coach'),
	(12, 'Head of House'),
	(13, 'Guardian'),
	(21, 'Head of studies'),
	(22, 'Teacher councelor'),
	(23, 'Teacher');
/*!40000 ALTER TABLE `user_type` ENABLE KEYS */;

/*!40101 SET SQL_MODE=IFNULL(@OLD_SQL_MODE, '') */;
/*!40014 SET FOREIGN_KEY_CHECKS=IF(@OLD_FOREIGN_KEY_CHECKS IS NULL, 1, @OLD_FOREIGN_KEY_CHECKS) */;
/*!40101 SET CHARACTER_SET_CLIENT=@OLD_CHARACTER_SET_CLIENT */;
